S12_001,S12_037,pref
あいの里公園,0,1
あいの里教育大,7564,1
さっぽろ,184516,1
すすきの,39576,1
ひばりが丘,10244,1
サッポロビール庭園,0,1
トマム,0,1
バスセンター前,19690,1
七重浜,240,1
上ノ国,0,1
上富良野,678,1
上磯,160,1
上野幌,5678,1
下徳富,0,1
中の島,12054,1
中央図書館前,0,1
中富良野,0,1
中小屋,0,1
中島公園,19942,1
中島公園通,1541,1
中須田,0,1
久根別,120,1
二十四軒,12906,1
五稜郭,0,1
元町,18870,1
八軒,4876,1
円山公園,31058,1
北広島,15476,1
北海道医療大学,0,1
北美瑛,0,1
十三里,0,1
千歳,18174,1
南下徳富,0,1
南千歳,3054,1
南平岸,15812,1
南清水沢,0,1
占冠,22,1
吉堀,0,1
吉岡海底,0,1
夕張,0,1
大谷地,27994,1
大通,161756,1
太平,0,1
学園前,20594,1
学田,0,1
宮の沢,29342,1
宮越,0,1
富良野,1252,1
島松,3940,1
川端,0,1
幌南小学校前,1567,1
幌平橋,10278,1
平和,5538,1
平岸,16852,1
恵み野,6730,1
恵庭,14642,1
拓北,5142,1
新さっぽろ,42178,1
新十津川,0,1
新千歳空港,35518,1
新夕張,178,1
新川,6490,1
新得,486,1
新札幌,29348,1
新琴似,8200,1
新道東,16046,1
於札内,0,1
旭川,0,1
晩生内,0,1
月寒中央,18670,1
木古内,120,1
本中小屋,0,1
札比内,0,1
札的,0,1
札苅,10,1
東久根別,120,1
東区役所前,17758,1
東屯田通,1982,1
東本願寺前,888,1
東札幌,21778,1
東追分,0,1
栄町,16644,1
桂岡,0,1
桑園,0,1
植苗,0,1
江差,0,1
沼ノ沢,0,1
沼ノ端,0,1
泉沢,10,1
浦臼,0,1
清川口,170,1
清水沢,0,1
渡島当別,50,1
渡島鶴岡,0,1
湯ノ岱,0,1
滝ノ上,0,1
澄川,20128,1
琴似,28758,1
環状通東,18052,1
発寒南,17972,1
白石,28580,1
百合が原,0,1
真駒内,26174,1
知内,0,1
知来乙,0,1
石山通,1091,1
石狩太美,0,1
石狩当別,4826,1
石狩月形,92,1
石狩金沢,0,1
神明,0,1
神楽岡,0,1
福住,32252,1
篠路,6306,1
緑が丘,0,1
美々,0,1
美園,10222,1
美瑛,982,1
美馬牛,0,1
自衛隊前,6792,1
茂辺地,30,1
菊水,22460,1
行啓通,1437,1
西中,0,1
西御料,0,1
西瑞穂,0,1
西神楽,0,1
西聖和,0,1
豊平公園,11448,1
豊水すすきの,16732,1
資生館小学校前,687,1
追分,0,1
釜谷,10,1
長都,0,1
静修学園前,1463,1
鶴沼,0,1
鹿ノ谷,0,1
鹿討,0,1
麻生,41356,1
ウェスパ椿山,0,2
プレイピア白浜,0,2
三厩,50,2
三戸,458,2
三沢,2594,2
上北町,554,2
下北,386,2
下田,480,2
中央弘前,349,2
中小国,0,2
中沢,0,2
中田,0,2
乙供,492,2
五所川原,1680,2
五農校前,182,2
今別,0,2
八戸,11886,2
剣吉,427,2
北野辺地,0,2
北高岩,44,2
十二湖,0,2
十川,10,2
千年,83,2
千曳,2,2
千畳敷,0,2
向山,68,2
吹越,0,2
嘉瀬,72,2
境松,28,2
大久喜,0,2
大川平,0,2
大平,0,2
大戸瀬,0,2
大沢内,40,2
大湊,290,2
大蛇,0,2
大間越,0,2
大鰐,183,2
奥内,0,2
宿川原,10,2
小中野,0,2
小川原,28,2
小柳,1085,2
小栗山,9,2
小湊,844,2
尾上高校前,73,2
川倉,9,2
川部,0,2
左堰,0,2
平賀,440,2
広戸,0,2
弘前,1397,2
弘前学院大前,121,2
弘前東高前,126,2
弘高下,51,2
後潟,76,2
新里,39,2
有戸,0,2
有畑,0,2
木造,358,2
本八戸,2314,2
東青森,1338,2
松木平,16,2
松神,0,2
板柳,648,2
林崎,0,2
柏農高校前,103,2
横磯,0,2
毘沙門,5,2
油川,824,2
津軽中里,179,2
津軽二股,0,2
津軽五所川原,582,2
津軽今別,0,2
津軽大沢,55,2
津軽宮田,0,2
津軽尾上,212,2
津軽浜名,0,2
津軽飯詰,24,2
浅虫温泉,683,2
深浦,138,2
深郷田,22,2
清水川,150,2
瀬辺地,0,2
狩場沢,45,2
田んぼアート,26,2
田舎館,91,2
白神岳登山口,0,2
白銀,0,2
目時,24,2
矢田前,1309,2
石川,74,2
石川プール前,19,2
種差海岸,0,2
竜飛海底,0,2
筒井,1589,2
義塾高校前,90,2
聖愛中高前,97,2
艫作,0,2
芦野公園,77,2
苫米地,100,2
蓬田,0,2
藤崎,0,2
蟹田,300,2
西平内,142,2
諏訪ノ平,64,2
赤川,0,2
越水,0,2
近川,0,2
追良瀬,0,2
運動公園前,129,2
郷沢,0,2
野内,1086,2
野辺地,4136,2
金木,246,2
金浜,0,2
金谷沢,0,2
長苗代,0,2
陸奥岩崎,0,2
陸奥市川,370,2
陸奥柳田,0,2
陸奥森田,150,2
陸奥横浜,140,2
陸奥沢辺,0,2
陸奥湊,268,2
陸奥白浜,0,2
陸奥赤石,0,2
陸奥鶴田,394,2
階上,0,2
青森,15649,2
風合瀬,0,2
館田,87,2
驫木,0,2
鮫,576,2
鯖石,39,2
鳴沢,0,2
鶴泊,0,2
黒石,786,2
いわて沼宮内,869,3
ほっとゆだ,240,3
ゆだ錦秋湖,0,3
ゆだ高原,0,3
一の渡,6,3
一ノ関,0,3
一戸,570,3
三陸,48,3
上有住,0,3
上盛岡,0,3
上米内,98,3
下船渡,0,3
両石,22,3
中里,0,3
久慈,1047,3
二升石,0,3
二戸,721,3
似内,0,3
佐羽根,6,3
侍浜,0,3
兄畑,0,3
八木沢・宮古短大,49,3
北上,0,3
北森,0,3
区界,4,3
十府ヶ浦海岸,6,3
千厩,398,3
千徳,0,3
厨川,3209,3
吉浜,40,3
吉里吉里,101,3
和賀仙人,0,3
唐丹,21,3
土沢,296,3
堀内,36,3
大志田,0,3
大更,534,3
大槌,244,3
大船渡,0,3
大釜,806,3
奥中山高原,365,3
好摩,2933,3
安比高原,0,3
宮古,1820,3
宮守,154,3
宿戸,0,3
小佐野,92,3
小友,0,3
小屋の畑,0,3
小山田,0,3
小岩井,888,3
小梨,0,3
小繋,10,3
小鳥谷,100,3
山口団地,20,3
山岸,0,3
岩ノ下,0,3
岩手上郷,0,3
岩手二日町,0,3
岩手刈屋,0,3
岩手和井内,0,3
岩手大川,0,3
岩手川口,298,3
岩手船越,98,3
岩根橋,0,3
岩沢,0,3
岩泉,0,3
岩泉小本,133,3
島越,30,3
川内,10,3
巣子,991,3
平倉,0,3
平内,0,3
平津戸,0,3
平田,12,3
平館,0,3
御堂,48,3
恋し浜,11,3
払川,57,3
折壁,0,3
押角,0,3
摂待,13,3
摺沢,482,3
斗米,151,3
新月,0,3
新花巻,1876,3
春木場,0,3
普代,198,3
晴山,0,3
有家,0,3
東大更,0,3
松倉,0,3
松尾八幡平,0,3
松草,0,3
柏木平,0,3
柳原,0,3
柴宿,0,3
横川目,0,3
横間,0,3
江釣子,0,3
洞泉,0,3
津軽石,154,3
浅内,0,3
浅岸,0,3
浪板海岸,72,3
渋民,715,3
滝沢,3162,3
猊鼻渓,0,3
玉川,0,3
甫嶺,19,3
田山,0,3
田老,143,3
田野畑,116,3
白井海岸,3,3
盛,322,3
盛岡,11593,3
真滝,0,3
矢越,0,3
磯鶏,107,3
種市,258,3
立川目,0,3
竹駒,0,3
箱石,0,3
細浦,0,3
綾織,0,3
綾里,108,3
織笠,103,3
脇ノ沢,0,3
腹帯,0,3
花原市,0,3
花巻,0,3
茂市,68,3
荒屋新町,96,3
荒谷前,0,3
藤根,298,3
蟇目,0,3
角の浜,0,3
豊間根,100,3
赤坂田,0,3
赤渕,0,3
遠野,660,3
野田玉川,16,3
金田一温泉,200,3
釜石,414,3
陸中中野,0,3
陸中八木,0,3
陸中夏井,0,3
陸中大橋,0,3
陸中宇部,46,3
陸中山田,476,3
陸中川井,54,3
陸中松川,0,3
陸中野田,349,3
陸中門崎,0,3
陸前矢作,0,3
陸前赤崎,6,3
陸前高田,0,3
雫石,1122,3
青山,3449,3
青笹,0,3
鱒沢,0,3
鵜住居,124,3
あおば通,45302,4
あぶくま,10,4
のの岳,0,4
万石浦,0,4
上涌谷,0,4
上野目,0,4
上鹿折,0,4
下馬,7524,4
不動の沢,0,4
中山平温泉,0,4
中野栄,11160,4
丸森,452,4
五橋,11748,4
亘理,4260,4
仙台,158474,4
仙台空港,5274,4
作並,372,4
佳景山,0,4
八ツ森,0,4
八乙女,16810,4
八木山動物公園,11404,4
六丁の目,6916,4
前谷地,322,4
勾当台公園,33714,4
北丸森,29,4
北仙台,26670,4
北四番丁,16966,4
北山,4998,4
北浦,0,4
南気仙沼,0,4
南角田,24,4
卸町,8922,4
古川,9758,4
台原,12350,4
名取,0,4
和渕,0,4
国見,6454,4
国際センター,7008,4
坂元,496,4
塚目,0,4
多賀城,14402,4
大町西公園,4428,4
大谷海岸,0,4
奥新川,0,4
女川,444,4
宮城野原,12140,4
宮城野通,6330,4
富沢,15228,4
小牛田,0,4
小金沢,0,4
小鶴新田,12572,4
山下,1196,4
岡,125,4
岩出山,0,4
岩沼,0,4
川内,7230,4
川渡温泉,0,4
広瀬通,21832,4
御岳堂,0,4
志津川,0,4
愛子,8368,4
愛宕橋,5192,4
手樽,0,4
旭ヶ丘,14682,4
曽波神,0,4
最知,0,4
有備館,0,4
本吉,0,4
本塩釜,5764,4
杜せきのした,3097,4
東北福祉大前,7290,4
東名,0,4
東塩釜,4694,4
東大崎,0,4
東照宮,6892,4
東矢本,0,4
東船岡,175,4
松岩,0,4
松島海岸,2328,4
柳津,86,4
槻木,1167,4
横倉,20,4
歌津,0,4
気仙沼,392,4
池月,0,4
沢田,0,4
河原町,10546,4
泉中央,53548,4
浜吉田,1008,4
浦宿,0,4
涌谷,1118,4
清水浜,0,4
渡波,1086,4
矢本,2432,4
石巻,6486,4
石巻あゆみ野,0,4
福田町,7942,4
美田園,1393,4
苦竹,5852,4
荒井,6236,4
葛岡,0,4
蔵内,0,4
薬師堂,11134,4
蛇田,1706,4
西仙台ハイランド,0,4
西古川,0,4
西塩釜,0,4
西大崎,0,4
角田,1485,4
逢隈,0,4
連坊,7222,4
野蒜,394,4
長町,16954,4
長町一丁目,8256,4
長町南,23638,4
陸前原ノ町,8562,4
陸前大塚,0,4
陸前富山,0,4
陸前小泉,0,4
陸前小野,690,4
陸前山下,0,4
陸前戸倉,0,4
陸前横山,0,4
陸前浜田,0,4
陸前港,0,4
陸前白沢,0,4
陸前稲井,0,4
陸前落合,7790,4
陸前谷地,0,4
陸前豊里,206,4
陸前赤井,1258,4
陸前階上,0,4
陸前高砂,10876,4
青葉山,8394,4
青葉通一番町,14622,4
高城町,2866,4
鳴子御殿湯,106,4
鳴子温泉,432,4
鹿又,0,4
鹿妻,0,4
鹿折唐桑,0,4
黒松,8484,4
あきた白神,76,5
上二田,0,5
上杉,18,5
上桧木内,9,5
久保田,10,5
二田,618,5
八幡平,34,5
八森,0,5
八津,8,5
出戸浜,0,5
刺巻,0,5
前田南,11,5
前郷,146,5
北大曲,0,5
北能代,0,5
十二所,0,5
十和田南,324,5
合川,108,5
吉沢,19,5
向能代,60,5
土深井,0,5
大曲,0,5
大滝温泉,0,5
大野台,15,5
大館,0,5
天王,0,5
奥阿仁,1,5
子吉,23,5
小松川,0,5
小渕,16,5
岩野目,0,5
岩館,30,5
川辺,40,5
左通,1,5
平石,0,5
戸沢,1,5
扇田,0,5
曲沢,2,5
末広,0,5
東八森,0,5
東大館,478,5
東能代,0,5
松葉,102,5
柴平,0,5
桂瀬,29,5
横手,0,5
比立内,26,5
沢尻,0,5
沢目,0,5
湯瀬温泉,48,5
滝ノ間,0,5
生田,0,5
田沢湖,606,5
男鹿,774,5
相野々,20,5
矢島,284,5
矢美津,0,5
神代,0,5
笑内,6,5
米内沢,124,5
羽後中里,3,5
羽後四ツ屋,0,5
羽後太田,1,5
羽後本荘,277,5
羽後長戸呂,8,5
羽後長野,184,5
羽立,0,5
能代,860,5
脇本,0,5
船越,1132,5
荒瀬,6,5
萱草,3,5
薬師堂,83,5
西明寺,14,5
西滝沢,60,5
西鷹巣,8,5
角館,1364,5
追分,0,5
鑓見内,0,5
阿仁マタギ,28,5
阿仁前田,74,5
阿仁合,144,5
陸中大里,0,5
鮎川,54,5
鳥形,0,5
鶯野,0,5
鷹巣,474,5
鹿角花輪,400,5
黒沢,10,5
あやめ公園,97,6
おりはた,36,6
中郡,0,6
今泉,460,6
伊佐領,0,6
余目,0,6
北山形,0,6
升形,0,6
南寒河江,0,6
南新庄,0,6
南米沢,0,6
南野,0,6
南長井,203,6
南陽市役所,5,6
古口,60,6
四季の郷,31,6
堺田,0,6
大堀,0,6
宮内,245,6
寒河江,1810,6
小国,232,6
山寺,1062,6
左沢,622,6
成島,0,6
手ノ子,0,6
新庄,0,6
時庭,11,6
最上,0,6
東金井,0,6
東長沢,0,6
柴橋,0,6
梨郷,18,6
楯山,0,6
津谷,0,6
清川,0,6
瀬見温泉,0,6
犬川,0,6
狩川,130,6
白兎,15,6
立小路,0,6
米沢,0,6
羽前前波,0,6
羽前千歳,0,6
羽前小松,580,6
羽前山辺,0,6
羽前成田,49,6
羽前松岡,0,6
羽前椿,50,6
羽前沼沢,0,6
羽前金沢,0,6
羽前長崎,752,6
羽前高松,0,6
荒砥,156,6
萩生,0,6
蚕桑,26,6
西大塚,17,6
西寒河江,0,6
西米沢,0,6
赤倉温泉,0,6
赤湯,180,6
長井,267,6
長沢,0,6
面白山高原,0,6
高屋,0,6
高瀬,0,6
鮎貝,55,6
鵜杉,0,6
あまや,10,7
いわき,0,7
ふるさと公園,38,7
やながわ希望の森公園前,362,7
七ヶ岳登山口,8,7
七日町,0,7
三春,1740,7
上保原,406,7
上戸,0,7
上松川,691,7
上野尻,40,7
中山宿,0,7
中荒井,19,7
中豊,0,7
久ノ浜,364,7
二井田,66,7
会津下郷,174,7
会津中川,0,7
会津坂下,724,7
会津坂本,0,7
会津塩沢,0,7
会津大塩,0,7
会津宮下,76,7
会津山村道場,16,7
会津川口,108,7
会津本郷,0,7
会津柳津,0,7
会津桧原,0,7
会津横田,0,7
会津水沼,0,7
会津田島,603,7
会津若松,5162,7
会津荒海,47,7
会津蒲生,0,7
会津西方,0,7
会津豊川,0,7
会津越川,0,7
会津長野,15,7
会津高原尾瀬口,1102,7
会津高田,0,7
保原,1029,7
兜,2,7
内郷,2034,7
勿来,1666,7
医王寺前,592,7
南石井,0,7
南若松,38,7
卸町,620,7
原ノ町,2048,7
双葉,0,7
只見,0,7
向瀬上,66,7
喜久田,0,7
喜多方,1688,7
四ツ倉,1220,7
堂島,0,7
塔のへつり,66,7
塔寺,0,7
塩川,532,7
夏井,0,7
夜ノ森,0,7
大川ダム公園,3,7
大泉,504,7
大越,0,7
大野,0,7
姥堂,0,7
安積永盛,0,7
富岡,450,7
富野,41,7
小塩江,0,7
小川郷,0,7
小野新町,780,7
小高,986,7
尾登,0,7
山都,374,7
岩代清水,938,7
川前,0,7
川東,0,7
川桁,0,7
川辺沖,0,7
平野,679,7
広田,0,7
広野,804,7
弥五島,59,7
徳沢,8,7
新地,0,7
新田,257,7
新鶴,0,7
日立木,0,7
早戸,0,7
曽根田,810,7
木戸,0,7
末続,0,7
本名,0,7
東長原,0,7
東館,0,7
根岸,0,7
桃内,0,7
桜水,572,7
梁川,481,7
植田,3704,7
江田,0,7
泉,5332,7
泉郷,246,7
浪江,48,7
湯本,4042,7
湯野上温泉,216,7
滝谷,0,7
瀬上,333,7
猪苗代,1170,7
猪苗代湖畔,0,7
田子倉,0,7
田島高校前,136,7
相馬,2288,7
矢祭山,0,7
磐城塙,376,7
磐城太田,0,7
磐城守山,0,7
磐城常葉,0,7
磐城棚倉,332,7
磐城浅川,348,7
磐城石井,0,7
磐城石川,1036,7
磐梯熱海,508,7
磐梯町,316,7
神俣,296,7
福島,8556,7
福島学院前,683,7
竜田,0,7
笈川,0,7
笹谷,1146,7
美術館図書館前,493,7
翁島,0,7
舞木,0,7
船引,1598,7
芦ノ牧温泉,160,7
芦ノ牧温泉南,11,7
花水坂,555,7
若宮,0,7
草野,794,7
荻野,42,7
菅谷,138,7
西若松,3478,7
要田,0,7
谷田川,0,7
赤井,0,7
近津,0,7
郡山,0,7
郡山富田,0,7
郷戸,0,7
里白石,0,7
野木沢,0,7
野沢,266,7
門田,2,7
関都,0,7
飯坂温泉,1023,7
養鱒公園,18,7
高子,116,7
鹿島,0,7
ひぐち,46,8
ひたち野うしく,13946,8
ゆめみ野,1882,8
三妻,226,8
上小川,92,8
上菅谷,1524,8
下妻,1825,8
下小川,0,8
下菅谷,0,8
下野宮,0,8
下館,25647,8
下館二高前,122,8
中妻,223,8
中根,15,8
中舟生,0,8
中菅谷,0,8
佐和,7810,8
佐貫,2305,8
偕楽園,0,8
入地,67,8
内原,5624,8
勝田,28215,8
北水海道,473,8
北浦湖畔,30,8
十王,5966,8
南中郷,1140,8
南守谷,2465,8
南石下,297,8
南酒出,0,8
友部,7156,8
取手,11506,8
土浦,32248,8
大和,0,8
大宝,96,8
大洋,262,8
大洗,2210,8
大津港,1826,8
大甕,19050,8
大田郷,338,8
守谷,14347,8
宍戸,0,8
宗道,237,8
寺原,1942,8
小木津,5220,8
小田林,0,8
小絹,1961,8
山方宿,206,8
岩瀬,2020,8
岩間,2720,8
川島,1578,8
常澄,743,8
常陸多賀,13688,8
常陸大子,600,8
常陸大宮,1842,8
常陸太田,2410,8
常陸津田,0,8
常陸青柳,0,8
常陸鴻巣,0,8
平磯,215,8
延方,0,8
後台,0,8
徳宿,68,8
戸頭,4372,8
折本,38,8
新取手,2008,8
新守谷,2770,8
新治,1280,8
新鉾田,1513,8
日立,22350,8
東水戸,144,8
東海,10142,8
東結城,0,8
殿山,169,8
水戸,127774,8
水海道,3003,8
河合,0,8
涸沼,248,8
潮来,656,8
牛久,25586,8
玉川村,344,8
玉戸,1412,8
玉村,95,8
瓜連,528,8
石下,890,8
石岡,11334,8
磯原,3518,8
磯崎,124,8
神立,11080,8
福原,300,8
稲戸井,1442,8
稲田,336,8
竜ヶ崎,2253,8
笠間,2684,8
結城,4194,8
羽鳥,4632,8
羽黒,1342,8
荒川沖,16602,8
荒野台,178,8
藤代,12766,8
袋田,150,8
西取手,2498,8
西金,0,8
谷河原,0,8
赤塚,12554,8
那珂湊,680,8
野上原,0,8
金上,133,8
長者ヶ浜潮騒はまなす公園前,73,8
阿字ヶ浦,80,8
静,0,8
額田,0,8
騰波ノ江,69,8
高浜,2310,8
高田の鉄橋,64,8
高萩,5550,8
鹿島大野,262,8
鹿島旭,409,8
鹿島灘,207,8
黒子,181,8
おもちゃのまち,2614,9
七井,329,9
上三依塩原温泉口,32,9
上今市,118,9
下今市,2524,9
下小代,193,9
下野大沢,1582,9
下野花岡,0,9
中三依温泉,22,9
久下田,228,9
仁井田,0,9
今市,2322,9
佐野,10644,9
佐野市,740,9
北山,74,9
北真岡,210,9
北鹿沼,178,9
南宇都宮,1208,9
原向,2,9
合戦場,355,9
吉水,1066,9
国谷,1024,9
堀米,416,9
壬生,2314,9
多田,153,9
多田羅,155,9
大平下,0,9
大桑,174,9
大谷向,179,9
大金,0,9
天矢場,27,9
宇都宮,0,9
安塚,1258,9
宝積寺,0,9
家中,417,9
富田,0,9
寺内,93,9
小佐越,466,9
小俣,0,9
小塙,0,9
小山,0,9
山前,1672,9
岩舟,0,9
川治温泉,50,9
川治湯元,145,9
市塙,175,9
思川,0,9
文挟,0,9
新大平下,2796,9
新栃木,4200,9
新藤原,962,9
新高徳,332,9
新鹿沼,3511,9
日光,2204,9
明神,229,9
東武ワールドスクウェア,438,9
東武和泉,1062,9
東武宇都宮,9863,9
東武日光,3496,9
東武金崎,543,9
板荷,82,9
栃木,22044,9
楡木,264,9
樅山,549,9
江曽島,2144,9
湯西川温泉,201,9
滝,0,9
烏山,1040,9
田島,139,9
田沼,1023,9
男鹿高原,2,9
益子,238,9
県,624,9
真岡,928,9
福居,778,9
笹原田,4,9
茂木,775,9
葛生,937,9
藤岡,1462,9
西川田,2343,9
西田井,53,9
足利,6628,9
足利市,6221,9
足尾,57,9
通洞,42,9
野州大塚,513,9
野州山辺,846,9
野州平川,1050,9
間藤,158,9
静和,1440,9
鬼怒川公園,264,9
鬼怒川温泉,3031,9
鴻野山,0,9
鶴田,2972,9
鹿沼,4212,9
龍王峡,114,9
万座・鹿沢口,0,10
三俣,184,10
三枚橋,695,10
上泉,92,10
上牧,0,10
上神梅,25,10
下新田,54,10
世良田,476,10
中之条,2078,10
中央前橋,1667,10
中野,8,10
丸山下,56,10
井野,4362,10
伊勢崎,19245,10
倉賀野,3698,10
八木原,2174,10
前橋,21364,10
前橋大島,3322,10
剛志,1469,10
北原,270,10
北藤岡,0,10
国定,3188,10
土合,0,10
城東,142,10
境町,1611,10
多々良,629,10
大前,0,10
大胡,820,10
大間々,456,10
天王宿,200,10
太田,11788,10
富士山下,96,10
小中,21,10
小泉町,445,10
小野上,0,10
小野上温泉,0,10
岩宿,2502,10
岩島,0,10
岩本,0,10
川俣,2884,10
川原湯温泉,42,10
市城,0,10
後閑,0,10
心臓血管センター,59,10
成島,1129,10
敷島,0,10
新伊勢崎,1314,10
新前橋,12474,10
新屋,180,10
新川,312,10
新桐生,2179,10
新町,7506,10
新里,361,10
木崎,2511,10
本中野,1042,10
本宿,24,10
東小泉,1573,10
東新川,56,10
板倉東洋大前,3966,10
桐生,7760,10
桐生球場前,144,10
樋越,214,10
水上,728,10
水沼,104,10
江木,282,10
沢入,26,10
治良門橋,598,10
沼田,3442,10
津久田,0,10
渋川,6788,10
渡瀬,259,10
湯檜曽,0,10
片貝,327,10
相老,1476,10
矢倉,0,10
祖母島,0,10
神戸,198,10
竜舞,606,10
篠塚,216,10
粕川,253,10
細谷,2733,10
群馬原町,0,10
群馬大津,0,10
群馬総社,3392,10
群馬藤岡,2484,10
羽根尾,0,10
膳,95,10
花輪,53,10
茂林寺前,1640,10
藪塚,1141,10
袋倉,0,10
西小泉,1491,10
西桐生,1691,10
赤坂,256,10
赤城,1502,10
運動公園,84,10
郷原,0,10
金島,0,10
長野原草津口,1524,10
阿左美,595,10
韮川,2379,10
館林,11125,10
駒形,5996,10
高崎,64338,10
高崎問屋町,7662,10
さいたま新都心,111102,11
せんげん台,58651,11
ひろせ野鳥の森,1218,11
ソシオ流通センター,693,11
一ノ割,18440,11
一本松,4409,11
七里,20547,11
三峰口,384,11
三郷,29242,11
上尾,84420,11
上熊谷,898,11
上長瀞,263,11
下山口,8202,11
与野,52996,11
丸山,2774,11
丹荘,0,11
久喜,52606,11
今羽,5226,11
仏子,11156,11
伊奈中央,2169,11
元加治,7120,11
児玉,746,11
入曽,18088,11
入間市,34263,11
八木崎,10662,11
内宿,4962,11
加茂宮,5820,11
加須,13728,11
北上尾,31568,11
北大宮,6285,11
北春日部,10413,11
北朝霞,141768,11
北本,37914,11
北浦和,106264,11
北越谷,53868,11
北鴻巣,14548,11
南古谷,16754,11
南大塚,16861,11
南栗橋,8858,11
南桜井,14692,11
南浦和,120778,11
南羽生,3858,11
南越谷,151524,11
南鳩ヶ谷,15900,11
原市,2941,11
吉川,36346,11
吉川美南,10378,11
吉野原,3569,11
吹上,18062,11
吾野,664,11
和戸,4170,11
和銅黒谷,427,11
坂戸,0,11
大和田,20038,11
大宮,702577,11
大宮公園,9970,11
大袋,18591,11
大野原,1127,11
大麻生,233,11
姫宮,5411,11
宮原,48558,11
寄居,14952,11
小前田,1097,11
小川町,11239,11
小手指,49193,11
岡部,6302,11
岩槻,37052,11
川口,169062,11
川口元郷,20400,11
川角,15264,11
川越,77064,11
幸手,13717,11
影森,493,11
御花畑,2660,11
志久,4021,11
戸塚安行,16000,11
所沢,104984,11
折原,0,11
持田,938,11
指扇,22068,11
新三郷,32160,11
新井宿,11500,11
新古河,1725,11
新座,42008,11
新所沢,55856,11
新狭山,21055,11
新田,31606,11
新越谷,153304,11
新郷,300,11
日進,27380,11
明戸,302,11
明覚,0,11
春日部,72186,11
本川越,53880,11
本庄,19944,11
杉戸高野台,11785,11
東吾野,475,11
東宮原,4847,11
東岩槻,20748,11
東川口,105646,11
東所沢,31064,11
東武動物公園,32289,11
東毛呂,5729,11
東浦和,58078,11
東行田,2388,11
東飯能,17037,11
松久,0,11
柳生,1392,11
栗橋,11819,11
桜沢,917,11
桶川,52968,11
樋口,241,11
横瀬,1711,11
正丸,219,11
武川,951,11
武州中川,235,11
武州唐沢,3047,11
武州日野,201,11
武州荒木,370,11
武州長瀬,4461,11
武蔵横手,294,11
武蔵浦和,107926,11
武蔵藤沢,24513,11
武蔵高萩,6752,11
武里,16084,11
毛呂,1430,11
永田,492,11
沼南,3879,11
波久礼,227,11
浦和,106264,11
浦和美園,20600,11
浦山口,183,11
深谷,20236,11
熊谷,72039,11
狭山ヶ丘,25697,11
狭山市,41727,11
用土,0,11
白久,125,11
的場,6112,11
皆野,1101,11
石原,1026,11
神保原,5656,11
秩父,1158,11
稲荷山公園,9990,11
竹沢,0,11
笠幡,5912,11
籠原,30154,11
羽生,18876,11
羽貫,4457,11
航空公園,27404,11
芦ヶ久保,476,11
花崎,11076,11
草加,88400,11
蒲生,17685,11
蕨,123052,11
藤の牛島,7217,11
行田,13320,11
行田市,1716,11
西吾野,346,11
西大宮,20660,11
西大家,4020,11
西川口,117142,11
西川越,2694,11
西所沢,25814,11
西武球場前,13869,11
西武秩父,7229,11
西浦和,29910,11
西羽生,323,11
親鼻,394,11
谷塚,38667,11
豊春,13721,11
越生,3858,11
越谷,51037,11
越谷レイクタウン,56844,11
遊園地西,721,11
野上,648,11
金子,4252,11
鉄道博物館,10569,11
長瀞,1320,11
飯能,32592,11
高麗,2694,11
高麗川,0,11
鳩ヶ谷,23200,11
鴻巣,39300,11
鷲宮,6918,11
おゆみ野,5105,12
くぬぎ山,7324,12
ちはら台,5824,12
みどり台,7767,12
みのり台,8785,12
ユーカリが丘,23559,12
七光台,7119,12
三咲,14071,12
三門,0,12
上本郷,7181,12
上総一ノ宮,6032,12
上総中川,10,12
上総中野,123,12
上総亀山,0,12
上総東,30,12
上総松丘,0,12
上総清川,0,12
上総湊,1418,12
上総興津,376,12
下総松崎,1384,12
下総橘,0,12
下総神崎,1680,12
下総豊里,0,12
下郡,0,12
中学校,1039,12
久住,0,12
久我原,3,12
久留里,818,12
九重,0,12
二俣新町,9614,12
二和向台,17677,12
五井,39053,12
五香,30037,12
井野,388,12
京成中山,3779,12
京成佐倉,18793,12
京成八幡,36280,12
京成千葉,29174,12
京成大久保,35043,12
京成大和田,12584,12
京成幕張,8373,12
京成幕張本郷,16608,12
京成成田,37742,12
京成津田沼,60416,12
京成稲毛,7064,12
京成臼井,20392,12
京成船橋,94318,12
京成西船,11037,12
京成酒々井,6858,12
仲ノ町,28,12
佐倉,0,12
佐原,6390,12
佐貫町,448,12
保田,500,12
俵田,0,12
元山,18364,12
八千代中央,23944,12
八千代台,46867,12
八千代緑が丘,40433,12
八幡宿,23704,12
八柱,45631,12
八積,1474,12
公園,202,12
公津の杜,13490,12
六実,15387,12
初富,5657,12
初石,18653,12
前原,9362,12
勝浦,2142,12
勝田台,54008,12
北初富,5345,12
北国分,8415,12
北小金,49176,12
北松戸,43432,12
北柏,38546,12
北習志野,87086,12
十二橋,0,12
千倉,704,12
千歳,0,12
千葉,0,12
千葉みなと,34382,12
千葉ニュータウン中央,24117,12
千葉中央,18322,12
千葉寺,4872,12
南三原,962,12
南柏,65778,12
南流山,69908,12
南船橋,45616,12
印旛日本医大,4612,12
印西牧の原,14410,12
君ヶ浜,11,12
君津,16502,12
和田浦,0,12
国吉,132,12
国府台,13131,12
土気,26670,12
地区センター,258,12
城見ヶ丘,30,12
塚田,16182,12
増尾,13350,12
外川,132,12
大佐倉,401,12
大原,3407,12
大多喜,253,12
大戸,0,12
大森台,2855,12
大町,1691,12
大神宮下,4910,12
大網,20638,12
大貫,2092,12
天王台,39004,12
太東,976,12
太海,126,12
女子大,293,12
学園前,5204,12
安房勝山,574,12
安房天津,264,12
安房小湊,384,12
安房鴨川,2670,12
安食,5064,12
宗吾参道,2721,12
実籾,24631,12
富浦,406,12
小室,3984,12
小林,3932,12
小櫃,0,12
小見川,2450,12
小谷松,3,12
小金城趾,1654,12
岩井,526,12
巌根,3510,12
川間,17328,12
市川塩浜,16272,12
市川大野,23962,12
市川真間,7443,12
布佐,6658,12
常盤平,18874,12
平和台,2591,12
平山,0,12
幸谷,4565,12
御宿,1128,12
志津,16036,12
愛宕,9900,12
成東,0,12
成田,32394,12
成田湯川,1476,12
我孫子,63168,12
新八柱,49906,12
新千葉,1995,12
新木,5816,12
新松戸,78650,12
新柏,20433,12
新津田沼,69491,12
新浦安,114516,12
新田野,17,12
新習志野,27122,12
新船橋,13870,12
新茂原,2466,12
新鎌ヶ谷,98398,12
木下,4148,12
木更津,27692,12
本千葉,23210,12
本納,3280,12
本銚子,76,12
村上,5952,12
東中山,6959,12
東成田,0,12
東我孫子,0,12
東松戸,60552,12
東横田,0,12
東浪見,0,12
東海神,8396,12
東清川,0,12
東総元,3,12
東葉勝田台,31927,12
東金,8476,12
松岸,0,12
松戸,305739,12
松戸新田,6668,12
松飛台,5218,12
柏,400695,12
梅郷,17375,12
椎柴,0,12
検見川,4043,12
検見川浜,31368,12
横田,358,12
水郷,0,12
永田,2054,12
求名,4026,12
江戸川台,24345,12
江見,160,12
流山,2712,12
流山おおたかの森,58635,12
浜野,15230,12
浜金谷,550,12
浪花,0,12
海浜幕張,136756,12
海神,5640,12
海鹿島,71,12
清水公園,5101,12
湖北,8232,12
滑河,1706,12
滝不動,7593,12
犬吠,113,12
白井,9947,12
矢切,8056,12
福俵,0,12
秋山,7713,12
稲毛海岸,43444,12
竹岡,0,12
笠上黒生,79,12
笹川,640,12
総元,5,12
習志野,13360,12
舞浜,166314,12
船橋,116001,12
船橋日大前,20218,12
船橋法典,38318,12
船橋競馬場,20872,12
芝山千代田,1542,12
茂原,22544,12
菅野,4154,12
薬園台,15229,12
蘇我,68488,12
行川アイランド,0,12
西大原,13,12
西海鹿島,28,12
西畑,5,12
西登戸,2695,12
西白井,12833,12
西船橋,295943,12
観音,68,12
誉田,14056,12
谷津,11115,12
豊四季,15566,12
逆井,14481,12
運河,22053,12
那古船形,0,12
酒々井,7346,12
野田市,10099,12
銚子,6697,12
鎌ヶ谷,23000,12
鎌ヶ谷大仏,14721,12
鎌取,41514,12
長浦,12242,12
長者町,682,12
青堀,3040,12
飯山満,19514,12
館山,3312,12
香取,0,12
馬来田,402,12
馬橋,54569,12
馬込沢,26787,12
高柳,14494,12
高根公団,15643,12
高根木戸,8509,12
鬼越,5696,12
鰭ヶ崎,1155,12
鵜原,0,12
お台場海浜公園,17165,13
お花茶屋,33781,13
すずかけ台,11687,13
つくし野,11799,13
つつじヶ丘,45778,13
とうきょうスカイツリー,0,13
ひばりヶ丘,73607,13
めじろ台,17312,13
テレコムセンター,13475,13
一橋学園,21526,13
万願寺,4093,13
三ノ輪橋,3266,13
三河島,23016,13
三軒茶屋,178222,13
三鷹,197414,13
三鷹台,22741,13
上中里,16124,13
上井草,21490,13
上北台,6560,13
上北沢,16169,13
上町,10600,13
上石神井,44959,13
上野,376340,13
上野毛,22874,13
下丸子,36883,13
下井草,25181,13
下北沢,233044,13
下神明,8643,13
下落合,12479,13
下高井戸,65230,13
不動前,31317,13
世田谷,9129,13
世田谷代田,8828,13
中井,29834,13
中央大学・明星大学,17283,13
中延,24402,13
中村橋,40792,13
中河原,26088,13
中目黒,196807,13
中神,22816,13
中野,301772,13
久が原,16637,13
久我山,40722,13
久米川,32882,13
九品仏,13404,13
亀戸,27064,13
亀戸水神,4245,13
亀有,85708,13
二俣尾,0,13
二子玉川,165421,13
五反田,398065,13
五反野,36779,13
井の頭公園,6921,13
井荻,20299,13
京急蒲田,64280,13
京成上野,50818,13
京成小岩,18673,13
京成曳舟,19341,13
京成立石,39477,13
京成金町,25681,13
京成関屋,25583,13
京成高砂,106281,13
京王よみうりランド,14233,13
京王八王子,59486,13
京王堀之内,32879,13
京王多摩センター,90216,13
京王多摩川,17701,13
京王永山,46781,13
京王片倉,5069,13
仙川,82535,13
代々木,0,13
代々木上原,276210,13
代々木八幡,20386,13
代官山,31899,13
代田橋,20300,13
保谷,63043,13
八丁堀,71528,13
八坂,6095,13
八幡山,43959,13
八広,12440,13
八王子,170006,13
八王子みなみ野,37442,13
六郷土手,16470,13
分倍河原,178306,13
北八王子,19322,13
北千住,900919,13
北千束,7225,13
北品川,9697,13
北府中,30552,13
北野,23099,13
千住大橋,15882,13
千歳烏山,83666,13
千歳船橋,60091,13
千鳥町,16483,13
南千住,34440,13
南多摩,13568,13
南大沢,64285,13
南平,10799,13
南新宿,4023,13
原宿,150682,13
参宮橋,15423,13
古里,0,13
台場,24687,13
吉祥寺,435557,13
向原,1460,13
和泉多摩川,15831,13
品川,766884,13
品川シーサイド,47000,13
唐木田,17544,13
喜多見,34418,13
四ツ木,16553,13
四ツ谷,197262,13
国分寺,346857,13
国立,108098,13
国際展示場,67500,13
国領,39159,13
堀切,4469,13
堀切菖蒲園,22639,13
多摩センター,18550,13
多摩動物公園,7781,13
多摩境,20587,13
多摩川,22368,13
多磨,13971,13
多磨霊園,13084,13
大井町,233299,13
大塚,117852,13
大塚・帝京大学,3860,13
大塚駅前,7990,13
大岡山,51937,13
大崎,346272,13
大崎広小路,8537,13
大師前,14112,13
大森海岸,16185,13
大森町,22276,13
大泉学園,88104,13
大鳥居,30345,13
天王洲アイル,41300,13
奥多摩,1868,13
奥沢,14312,13
学習院下,1716,13
学芸大学,78251,13
宮の坂,4812,13
宮ノ前,3101,13
宮ノ平,0,13
富士見ヶ丘,13936,13
富士見台,27884,13
小作,32594,13
小台,3186,13
小宮,6100,13
小川,30215,13
小平,39464,13
小村井,11556,13
小田急多摩センター,51318,13
小田急永山,31338,13
小竹向原,187580,13
小菅,6003,13
尾山台,30921,13
山下,9360,13
山田,5242,13
川井,0,13
巣鴨,154398,13
巣鴨新田,1180,13
市場前,7902,13
布田,16792,13
平和島,48608,13
平山城址公園,8562,13
庚申塚,2450,13
府中,90316,13
府中本町,34978,13
府中競馬正門前,3229,13
御嶽,0,13
御嶽山,27422,13
御徒町,141074,13
御茶ノ水,211780,13
恋ヶ窪,12718,13
恵比寿,295398,13
成城学園前,89856,13
成瀬,38366,13
戸越公園,13718,13
戸越銀座,20860,13
押上（スカイツリー前）,223535,13
拝島,97630,13
新三河島,6032,13
新井薬師前,22880,13
新代田,9814,13
新大久保,102876,13
新宿,3042604,13
新小平,22978,13
新小金井,3966,13
新庚申塚,2649,13
新木場,226122,13
新柴又,4688,13
新桜台,9532,13
新橋,68180,13
新秋津,77820,13
新豊洲,6642,13
新馬場,16667,13
旗の台,40633,13
日の出,2425,13
日向和田,0,13
日暮里,335312,13
日野,54514,13
早稲田,3179,13
明大前,110244,13
昭島,52516,13
是政,7830,13
曳舟,28623,13
有明,5781,13
有明テニスの森,4164,13
東あずま,8099,13
東中神,14378,13
東久留米,55076,13
東京,0,13
東京テレポート,66200,13
東京ビッグサイト,20530,13
東京国際クルーズターミナル,3551,13
東伏見,25240,13
東北沢,7071,13
東十条,48540,13
東向島,19558,13
東大和市,25965,13
東小金井,63106,13
東尾久三丁目,1563,13
東府中,21787,13
東村山,49488,13
東松原,18670,13
東池袋四丁目,3743,13
東福生,0,13
東秋留,9438,13
東長崎,28018,13
東雲,14400,13
東青梅,13114,13
松が谷,1280,13
松原,3744,13
松陰神社前,11462,13
柴又,9742,13
柴崎,18114,13
柴崎体育館,2245,13
栄町,789,13
桜上水,38792,13
桜台,15087,13
桜新町,73447,13
桜街道,3593,13
梅ヶ丘,33805,13
梅屋敷,16438,13
梅島,35343,13
梶原,2628,13
椎名町,20723,13
武蔵五日市,8752,13
武蔵境,168901,13
武蔵増戸,5168,13
武蔵大和,7428,13
武蔵小山,53952,13
武蔵小金井,125156,13
武蔵引田,6204,13
武蔵新田,26788,13
武蔵砂川,12203,13
武蔵野台,26121,13
武蔵関,31943,13
永福町,33719,13
汐留,9562,13
江古田,34021,13
江戸川,6185,13
池ノ上,9877,13
池上,36929,13
池尻大橋,63346,13
池袋,1624247,13
沢井,0,13
河辺,27270,13
沼袋,20551,13
沼部,11058,13
泉体育館,3269,13
泉岳寺,0,13
洗足,15146,13
洗足池,19202,13
浅草,47754,13
浜田山,30676,13
清瀬,70760,13
渋谷,2272910,13
滝野川一丁目,1610,13
潮見,27130,13
熊川,0,13
熊野前,3923,13
片倉,10442,13
牛浜,9192,13
牛田,22880,13
狛江,48346,13
狭間,7967,13
玉川上水,55137,13
玉川学園前,47990,13
王子,129524,13
王子駅前,9239,13
用賀,67710,13
田園調布,36902,13
田無,75996,13
田端,94880,13
甲州街道,4540,13
町屋,20964,13
町屋二丁目,775,13
町屋駅前,8555,13
町田,518652,13
白丸,0,13
白糸台,6253,13
百草園,7697,13
目白,76380,13
目黒,516781,13
相原,21234,13
矢口渡,25908,13
矢川,16694,13
矢野口,20570,13
石川台,15525,13
石神井公園,82558,13
石神前,0,13
砂川七番,2437,13
祐天寺,31962,13
祖師ヶ谷大蔵,50982,13
神泉,11092,13
神田,212182,13
福生,32790,13
秋川,13380,13
秋津,81556,13
秋葉原,0,13
程久保,875,13
稲城,21596,13
稲城長沼,16180,13
穴守稲荷,18878,13
立会川,19554,13
立川,337024,13
立川北,22212,13
立川南,15975,13
立飛,6208,13
競艇場前,2908,13
竹ノ塚,73529,13
竹芝,4924,13
笹塚,82784,13
等々力,29718,13
糀谷,27990,13
経堂,80941,13
綾瀬,454734,13
緑が丘,10418,13
練馬,132938,13
練馬高野台,27206,13
羽村,27632,13
聖蹟桜ヶ丘,65131,13
自由が丘,158014,13
芝浦ふ頭,5232,13
芦花公園,15020,13
花小金井,59223,13
若林,9146,13
荏原中延,13881,13
荏原町,17964,13
荒川一中前,699,13
荒川七丁目,473,13
荒川二丁目,845,13
荒川区役所前,1689,13
荒川車庫前,3350,13
荒川遊園地前,2207,13
荻窪,181430,13
萩山,10305,13
葛西臨海公園,27458,13
蒲田,169257,13
蓮沼,8597,13
西ヶ原四丁目,2515,13
西八王子,64432,13
西国分寺,59856,13
西国立,20370,13
西太子堂,882,13
西小山,37686,13
西府,20718,13
西新井,67149,13
西日暮里,201880,13
西武園,3657,13
西武新宿,184573,13
西武柳沢,16727,13
西武立川,11977,13
西武遊園地,2695,13
西永福,18774,13
西立川,13656,13
西荻窪,91556,13
西調布,17698,13
調布,129968,13
谷保,20884,13
豊島園,14537,13
豊洲,28199,13
豊田,70664,13
豪徳寺,28149,13
赤羽,194498,13
赤羽岩淵,0,13
越中島,11470,13
軍畑,0,13
都立大学,49233,13
都立家政,19229,13
都電雑司ヶ谷,1067,13
野方,25522,13
金町,103414,13
鐘ヶ淵,12896,13
長原,16124,13
長沼,4100,13
雑色,31941,13
雪が谷大塚,25649,13
青梅,12994,13
青梅街道,8446,13
青海,8995,13
青物横丁,43633,13
青砥,51372,13
面影橋,822,13
飛田給,29978,13
飛鳥山,993,13
駒場東大前,39099,13
駒沢大学,80970,13
駒込,99082,13
高井戸,44392,13
高円寺,103526,13
高尾,85308,13
高尾山口,11352,13
高幡不動,73928,13
高松,3937,13
高田馬場,729115,13
鬼子母神前,2564,13
鮫洲,11234,13
鳩ノ巣,0,13
鵜の木,20162,13
鶯谷,52296,13
鶴川,69239,13
鷹の台,26592,13
鷺ノ宮,33063,13
あざみ野,217261,14
いずみ中央,16195,14
いずみ野,13962,14
かしわ台,18811,14
こどもの国,11750,14
さがみ野,37847,14
たまプラーザ,83922,14
つきみ野,10648,14
はるひ野,10068,14
みなとみらい,88175,14
ゆめが丘,2198,14
センター北,61011,14
センター南,59840,14
七里ヶ浜,7385,14
三ツ境,58418,14
三ツ沢上町,17264,14
三ツ沢下町,12614,14
三崎口,17424,14
三浦海岸,11458,14
上大井,0,14
上大岡,221224,14
上強羅,138,14
上星川,26052,14
上永谷,37684,14
上溝,12572,14
下曽我,0,14
下永谷,11481,14
下溝,0,14
下飯田,6591,14
並木中央,5194,14
並木北,3598,14
中央林間,202336,14
中山,115663,14
中川,19185,14
中強羅,144,14
中田,18592,14
中野島,29994,14
久地,28648,14
久里浜,12910,14
二俣川,82853,14
二子新地,21866,14
五月台,10234,14
五百羅漢,1472,14
井土ヶ谷,29347,14
井細田,3479,14
京急久里浜,43422,14
京急大津,5043,14
京急富岡,22410,14
京急川崎,131920,14
京急新子安,8596,14
京急田浦,12971,14
京急長沢,7396,14
京急鶴見,33460,14
京王稲田堤,56968,14
仲町台,33507,14
伊勢佐木長者町,16950,14
伊勢原,52773,14
倉見,0,14
元住吉,67992,14
元町・中華街,64569,14
入生田,1047,14
入谷,0,14
八丁畷,38892,14
八景島,4938,14
公園上,133,14
公園下,185,14
六会日大前,30392,14
六浦,16188,14
北久里浜,26105,14
北山田,28649,14
北新横浜,12793,14
北鎌倉,18030,14
十日市場,41608,14
南万騎が原,11561,14
南太田,17699,14
南林間,34386,14
南橋本,11188,14
南部市場,2796,14
厚木,68354,14
原当麻,10328,14
反町,13634,14
古淵,46036,14
吉野町,15707,14
向ヶ丘遊園,67518,14
向河原,25626,14
和田塚,1375,14
和田河原,3190,14
和田町,18231,14
善行,27070,14
国府津,0,14
国道,0,14
堀ノ内,12312,14
塔ノ沢,111,14
塚原,2327,14
大倉山,55734,14
大口,37634,14
大和,233247,14
大川,0,14
大平台,308,14
大船,0,14
大雄山,5132,14
天王町,27303,14
妙蓮寺,26089,14
子安,7852,14
安善,0,14
安針塚,4807,14
宮ノ下,615,14
宮前平,52527,14
宮山,0,14
宮崎台,50499,14
宿河原,16446,14
富士フイルム前,1343,14
富水,6808,14
寒川,13876,14
小島新田,22453,14
小机,20776,14
小涌谷,530,14
小田原,149351,14
小田急相模原,57597,14
小田栄,0,14
尻手,29774,14
屏風浦,18335,14
山北,0,14
山手,35184,14
岩原,1538,14
岸根公園,11530,14
川和町,8511,14
川崎,429202,14
川崎大師,18050,14
川崎新町,5640,14
市が尾,44373,14
市大医学部,11364,14
希望ヶ丘,35041,14
平沼橋,8768,14
平間,29558,14
幸浦,5748,14
座間,21200,14
弁天橋,0,14
弘明寺,50508,14
弥生台,15123,14
強羅,6279,14
彫刻の森,829,14
恩田,854,14
愛甲石田,54476,14
戸塚,90133,14
戸部,16337,14
扇町,0,14
新丸子,27569,14
新大津,6857,14
新杉田,109540,14
新松田,24088,14
新横浜,205554,14
新百合ヶ丘,128565,14
新羽,21668,14
新芝浦,0,14
新高島,6290,14
日ノ出町,28814,14
日吉,292981,14
日吉本町,16562,14
日本大通り,27335,14
早雲山,4260,14
星川,28829,14
昭和,0,14
本厚木,154698,14
本郷台,37546,14
本鵠沼,13892,14
東山北,0,14
東山田,10874,14
東林間,22101,14
東海大学前,39974,14
東白楽,14781,14
東神奈川,74756,14
東逗子,10140,14
東門前,13016,14
松田,0,14
柳小路,2772,14
柿生,38270,14
栗平,24124,14
栢山,8921,14
根岸,43896,14
桜ヶ丘,20606,14
桜木町,181244,14
梶が谷,39939,14
極楽寺,1878,14
横浜,877664,14
横須賀,10480,14
横須賀中央,67300,14
橋本,231110,14
武蔵中原,70120,14
武蔵小杉,487536,14
武蔵新城,74664,14
武蔵溝ノ口,172692,14
武蔵白石,0,14
汐入,21514,14
江ノ島,10614,14
江田,38024,14
洋光台,40690,14
津久井浜,6432,14
津田山,7642,14
浅野,0,14
浜川崎,0,14
浦賀,20853,14
海の公園南口,1622,14
海の公園柴口,2112,14
海老名,305918,14
海芝浦,0,14
淵野辺,77846,14
渋沢,28021,14
港南中央,19042,14
港南台,64196,14
港町,8133,14
湘南台,170943,14
湘南海岸公園,2025,14
溝の口,214233,14
瀬谷,44738,14
片倉町,23165,14
片瀬江ノ島,21217,14
生田,45765,14
生麦,29882,14
産業振興センター,4660,14
田奈,11241,14
田浦,4556,14
由比ヶ浜,2680,14
番田,0,14
登戸,332813,14
白楽,44994,14
百合ヶ丘,21650,14
相模原,58504,14
相模大塚,14051,14
相模大野,130078,14
相模沼田,2939,14
相模金子,0,14
相武台下,0,14
相武台前,40372,14
県立大学,12424,14
矢向,37972,14
矢部,24790,14
石上,771,14
石川町,65404,14
磯子,40564,14
社家,0,14
神奈川,4872,14
神奈川新町,19682,14
神武寺,7028,14
福浦,4074,14
秦野,42986,14
稲村ヶ崎,4475,14
稲田堤,52840,14
穴部,1356,14
立場,23757,14
箱根板橋,2162,14
箱根湯本,11179,14
綱島,104395,14
緑園都市,25786,14
緑町,513,14
能見台,30831,14
腰越,3047,14
舞岡,5446,14
若葉台,27278,14
菊名,247282,14
蒔田,22560,14
藤が丘,27264,14
藤沢,190721,14
藤沢本町,21970,14
螢田,6246,14
衣笠,17136,14
西横浜,14531,14
西谷,23296,14
読売ランド前,36374,14
谷峨,0,14
足柄,3984,14
踊場,18901,14
追浜,42727,14
逗子,58532,14
逸見,5290,14
都筑ふれあいの丘,21847,14
野島公園,2880,14
金沢八景,74845,14
金沢文庫,70673,14
鈴木町,10389,14
鎌倉,117273,14
鎌倉高校前,4395,14
長後,34945,14
長津田,276606,14
長谷,10136,14
門沢橋,0,14
開成,11414,14
関内,157340,14
阪東橋,21442,14
青葉台,113103,14
風祭,1786,14
飯田岡,1794,14
香川,10930,14
馬堀海岸,9240,14
馬車道,40037,14
高島町,10612,14
高座渋谷,25580,14
高津,32614,14
高田,15898,14
鳥浜,6792,14
鴨居,79370,14
鵠沼,4365,14
鵠沼海岸,20073,14
鶴ヶ峰,57578,14
鶴巻温泉,15126,14
鶴見,162112,14
鶴見小野,0,14
鶴見市場,21325,14
鶴間,30489,14
鷺沼,63543,14
鹿島田,38322,14
黄金町,22958,14
黒川,8582,14
ＹＲＰ野比,18677,14
うらがわら,178,15
くびき,137,15
しんざ,170,15
ほくほく大島,79,15
まつだい,453,15
三川,0,15
上条,0,15
上越国際スキー場前,0,15
上越妙高,1868,15
下条,0,15
二本木,240,15
五十島,0,15
五日町,0,15
五泉,2170,15
佐々木,1772,15
入広瀬,0,15
八色,0,15
六日町,9616,15
内野,5468,15
内野西が丘,0,15
出雲崎,316,15
分水,930,15
刈羽,0,15
北三条,732,15
北五泉,1388,15
北吉田,0,15
北堀之内,0,15
北新井,496,15
十日町,2547,15
南吉田,0,15
南高田,1658,15
吉田,2980,15
名立,180,15
咲花,0,15
土市,0,15
土樽,0,15
坂町,0,15
塩沢,1078,15
大形,2336,15
大池いこいの森,10,15
大沢,0,15
大白川,0,15
妙法寺,0,15
妙高高原,546,15
姫川,6,15
宮内,2006,15
寺尾,4192,15
寺泊,320,15
小出,1702,15
小千谷,2556,15
小島谷,0,15
小木ノ城,0,15
小滝,4,15
小針,5188,15
岩原スキー場前,0,15
岩室,0,15
巻,4682,15
市振,86,15
平岩,6,15
弥彦,424,15
新井,2006,15
新崎,2666,15
新津,0,15
新潟,0,15
新潟大学前,5982,15
新発田,0,15
新関,0,15
日出谷,0,15
早通,2128,15
春日山,1566,15
有間川,22,15
東三条,0,15
東下条,0,15
東新津,0,15
東新潟,3538,15
東柏崎,0,15
柏崎,0,15
柿ノ木,0,15
根知,8,15
桐原,0,15
梶屋敷,90,15
津南,158,15
津川,324,15
浦佐,2914,15
浦本,14,15
燕,1918,15
燕三条,4636,15
犀潟,0,15
猿和田,0,15
白山,10668,15
直江津,3074,15
矢作,0,15
石地,0,15
石打,242,15
礼拝,0,15
筒石,38,15
粟生津,0,15
糸魚川,1306,15
美佐島,4,15
能生,650,15
荒浜,0,15
藪神,0,15
虫川大杉,195,15
西中通,0,15
西山,0,15
西新発田,0,15
西燕,0,15
親不知,30,15
谷浜,40,15
豊実,0,15
豊栄,7356,15
越後下関,172,15
越後中里,0,15
越後堀之内,778,15
越後大島,0,15
越後岩沢,0,15
越後川口,366,15
越後広瀬,0,15
越後曽根,1742,15
越後水沢,0,15
越後湯沢,6208,15
越後滝谷,0,15
越後片貝,0,15
越後田中,0,15
越後田沢,0,15
越後赤塚,0,15
越後金丸,0,15
越後須原,0,15
越後鹿渡,0,15
足滝,0,15
関屋,3762,15
関山,260,15
青山,2064,15
青海,274,15
頸城大野,24,15
馬下,0,15
高田,4602,15
魚沼丘陵,124,15
魚沼中条,0,15
魚沼田中,0,15
鹿瀬,0,15
黒山,0,15
インテック本社前,360,16
グランドプラザ前,463,16
上堀,280,16
上市,1995,16
上滝,348,16
下奥井,241,16
下段,92,16
下立,93,16
下立口,51,16
中加積,262,16
中滑川,808,16
丸の内,0,16
二塚,76,16
五百石,858,16
伏木,518,16
入善,1788,16
内山,190,16
千垣,120,16
南富山,1292,16
呉羽,3404,16
国際会議場前,267,16
城川原,363,16
城端,586,16
大川寺,129,16
大庄,200,16
大手モール,241,16
奥田中学校前,436,16
宇奈月,3800,16
宇奈月温泉,880,16
富山,23611,16
寺田,382,16
小杉,6911,16
岩峅寺,419,16
岩瀬浜,248,16
島尾,398,16
布市,260,16
愛本,248,16
戸出,1756,16
新宮川,106,16
新庄田中,166,16
新相ノ木,140,16
新高岡,4148,16
新魚津,1521,16
新黒部,372,16
早月加積,112,16
月岡,125,16
有峰口,86,16
朝菜町,106,16
本宮,29,16
東三日市,421,16
東富山,2871,16
東岩瀬,159,16
東新庄,956,16
東滑川,352,16
東石黒,56,16
東野尻,280,16
林,40,16
栃屋,82,16
榎町,417,16
横江,53,16
欅平,2600,16
水橋,2053,16
氷見,1640,16
沢中山,72,16
油田,610,16
泊,1394,16
浜加積,89,16
浦山,265,16
滑川,3218,16
犬島新町,146,16
生地,938,16
田添,45,16
相ノ木,245,16
石動,3220,16
砺波,2402,16
福光,1062,16
福岡,2025,16
福野,1456,16
稚子塚,65,16
稲荷町,3294,16
立山,620,16
競輪場前,198,16
粟島（大阪屋ショップ前）,340,16
経田,978,16
能町,316,16
舌山,73,16
若栗,65,16
荻生,83,16
西入善,455,16
西加積,54,16
西滑川,323,16
西高岡,1168,16
西魚津,167,16
越中三郷,548,16
越中中島,199,16
越中中川,2592,16
越中中村,8,16
越中国分,548,16
越中大門,2034,16
越中宮崎,171,16
越中山田,114,16
越中泉,72,16
越中舟橋,616,16
越中荏原,1985,16
釜ヶ淵,249,16
鐘釣,1000,16
長屋,31,16
開発,307,16
雨晴,158,16
電鉄富山,7700,16
電鉄石田,282,16
電鉄魚津,885,16
電鉄黒部,793,16
音沢,75,16
高儀,114,16
高岡,26162,16
高岡やぶなみ,622,16
魚津,4071,16
黒薙,100,16
黒部,2762,16
七ツ屋,57,17
三ツ屋,863,17
三口,124,17
上諸江,369,17
中津幡,1314,17
乙丸,448,17
井口,262,17
倶利伽羅,0,17
免田,286,17
内灘,2747,17
割出,415,17
北鉄金沢,4468,17
北間,69,17
千路,134,17
南羽咋,156,17
四十万,254,17
大河端,86,17
宇野気,2612,17
宝達,676,17
小柳,65,17
徳田,738,17
押野,70,17
敷浪,372,17
新西金沢,1107,17
日御子,175,17
曽谷,64,17
本津幡,768,17
横山,818,17
津幡,14372,17
田鶴浜,197,17
磯部,99,17
穴水,113,17
笠師保,30,17
粟ヶ崎,38,17
羽咋,2570,17
能瀬,606,17
能登中島,115,17
能登二宮,362,17
能登部,1090,17
能登鹿島,4,17
良川,676,17
蚊爪,344,17
西岸,24,17
西泉,267,17
道法寺,331,17
野々市,108,17
野々市工大前,579,17
野町,1746,17
金丸,232,17
陽羽里,35,17
額住宅前,348,17
馬替,269,17
高松,1124,17
鶴来,1068,17
あわら湯のまち,498,18
まつもと町屋,213,18
サンドーム西,81,18
スポーツ公園,35,18
ハーモニーホール,51,18
ベル前,391,18
一乗谷,30,18
三十八社,53,18
三国,707,18
三国港,312,18
三国神社,146,18
三方,170,18
三松,226,18
上中,494,18
下兵庫こうふく,155,18
下唯野,8,18
下志比,84,18
中角,82,18
九頭竜湖,32,18
仁愛女子高校,144,18
保田,16,18
光明寺,28,18
八ツ島,483,18
六条,14,18
加斗,140,18
勝原,2,18
勝山,818,18
勢浜,70,18
北大野,36,18
北府,229,18
十村,132,18
商工会議所前,40,18
大関,144,18
大鳥羽,214,18
太郎丸エンゼルランド,316,18
家久,126,18
小和清水,14,18
小浜,1778,18
小舟渡,14,18
山王,133,18
市波,30,18
志比堺,35,18
敦賀,0,18
新平野,162,18
新田塚,550,18
新福井,41,18
日華化学前,284,18
本荘,107,18
東小浜,718,18
東美浜,68,18
東藤島,126,18
松岡,407,18
柿ケ島,0,18
比島,1,18
気山,602,18
水居,66,18
水落,187,18
永平寺口,435,18
江端,94,18
泰澄の里,54,18
浅水,413,18
清明,114,18
牛ケ原,4,18
田原町,5394,18
番田,31,18
発坂,111,18
神明,605,18
福井,6392,18
福井口,512,18
福井城址大名町,224,18
福大前西福井,2072,18
粟野,152,18
美山,44,18
美浜,484,18
花堂,68,18
若狭和田,236,18
若狭有田,116,18
若狭本郷,594,18
若狭高浜,652,18
藤井,50,18
西別院,324,18
西山公園,27,18
西敦賀,238,18
西春江ハートピア,268,18
西長田ゆりの里,328,18
西鯖江,302,18
観音町,616,18
計石,8,18
赤十字前,292,18
越前下山,2,18
越前大宮,12,18
越前大野,468,18
越前富田,10,18
越前島橋,80,18
越前新保,532,18
越前東郷,158,18
越前武生,481,18
越前田野,0,18
越前竹原,107,18
越前花堂,960,18
越前薬師,4,18
越前野中,41,18
越前開発,488,18
越前高田,10,18
足羽,18,18
足羽山公園口,18,18
轟,80,18
追分口,92,18
青郷,226,18
鳥羽中,95,18
鷲塚針原,293,18
下部温泉,0,19
久那土,0,19
井出,0,19
内船,0,19
十島,0,19
南甲府,0,19
善光寺,0,19
国母,0,19
塩之沢,0,19
寄畑,0,19
小井川,0,19
小淵沢,0,19
市ノ瀬,0,19
市川大門,0,19
市川本町,0,19
常永,0,19
東花輪,0,19
波高島,0,19
清里,372,19
甲府,0,19
甲斐上野,0,19
甲斐住吉,0,19
甲斐大島,0,19
甲斐大泉,110,19
甲斐小泉,0,19
甲斐岩間,0,19
甲斐常葉,0,19
芦川,0,19
落居,0,19
身延,0,19
金手,0,19
鰍沢口,0,19
テクノさかき,924,20
ヤナバスキー場前,0,20
一日市場,1566,20
七久保,0,20
三好町,104,20
三岡,0,20
三才,2970,20
三溝,388,20
上今井,422,20
上境,0,20
上条,49,20
上桑名川,0,20
上片桐,0,20
上田,13953,20
上田原,879,20
下之郷,344,20
下山村,0,20
下島,416,20
下市田,0,20
下平,0,20
下新,155,20
中井侍,0,20
中佐都,0,20
中土,2,20
中塩田,80,20
中萱,772,20
中軽井沢,1640,20
中込,1996,20
中野,109,20
中野松川,176,20
乙女,0,20
井上,0,20
伊那上郷,0,20
伊那八幡,0,20
伊那北,0,20
伊那大島,0,20
伊那小沢,0,20
伊那市,0,20
伊那新町,0,20
伊那本郷,0,20
伊那松島,0,20
伊那田島,0,20
伊那福岡,0,20
佐久平,6226,20
佐久広瀬,0,20
佐久海ノ口,0,20
信州中野,3118,20
信濃吉田,2930,20
信濃国分寺,1184,20
信濃大町,2472,20
信濃川上,242,20
信濃川田,0,20
信濃常盤,0,20
信濃平,0,20
信濃木崎,0,20
信濃松川,1170,20
信濃森上,0,20
信濃浅野,294,20
信濃白鳥,14,20
信濃竹原,57,20
信濃荒井,82,20
信濃追分,546,20
元善光寺,0,20
八千穂,196,20
八木沢,78,20
冠着,146,20
切石,0,20
別所温泉,538,20
北中込,0,20
北大町,0,20
北小谷,4,20
北新・松本大学前,1270,20
北松本,1380,20
北殿,0,20
北細野,0,20
北長野,4266,20
北須坂,887,20
北飯山,0,20
千代,0,20
千国,0,20
千曲,1039,20
南大町,0,20
南小谷,200,20
南松本,3008,20
南神城,0,20
南豊科,1862,20
古間,289,20
唐笠,0,20
善光寺下,1295,20
坂北,252,20
坂城,1675,20
城下,63,20
塩尻,0,20
塩田町,360,20
夜間瀬,149,20
大学前,799,20
大室,0,20
大屋,1953,20
大庭,368,20
大田切,0,20
太田部,0,20
姨捨,0,20
安曇沓掛,0,20
安曇追分,612,20
宮木,0,20
宮田,0,20
寺下,179,20
小布施,1744,20
小海,372,20
小町屋,0,20
小諸,7148,20
屋代,4318,20
屋代高校前,2021,20
山吹,0,20
岩村田,2628,20
岩野,0,20
島内,0,20
島高松,0,20
川路,0,20
市役所前,1361,20
市田,0,20
平原,194,20
平岡,0,20
平滝,6,20
平田,3076,20
広丘,5444,20
延徳,284,20
御代田,1619,20
戸倉,2324,20
戸狩野沢温泉,300,20
新島々,636,20
新村,268,20
日野,407,20
明科,2074,20
時又,0,20
替佐,242,20
有明,520,20
朝陽,2168,20
木ノ下,0,20
本郷,2525,20
村井,4028,20
村山,749,20
東小諸,0,20
東屋代,0,20
松代,0,20
松原湖,0,20
松本,74354,20
柏矢町,1012,20
柳原,1286,20
桐原,2041,20
桑名川,0,20
桜沢,120,20
桜町,0,20
梓橋,1020,20
森口,578,20
森宮野原,68,20
権堂,2580,20
横倉,28,20
毛賀,0,20
沢,0,20
沢渡,0,20
波田,1096,20
海ノ口,0,20
海尻,0,20
海瀬,0,20
渕東,50,20
渚,145,20
温田,0,20
湯田中,1225,20
滋野,798,20
滑津,0,20
為栗,0,20
牟礼,1411,20
田中,2404,20
田切,0,20
田本,0,20
田沢,1092,20
田畑,0,20
白馬,562,20
白馬大池,0,20
神城,80,20
神畑,128,20
稲尾,0,20
稲荷山,676,20
穂高,2270,20
篠ノ井,0,20
簗場,0,20
細野,0,20
綿内,0,20
美里,0,20
羽場,0,20
羽黒下,198,20
聖高原,562,20
臼田,416,20
舞田,64,20
若穂,0,20
蓮,0,20
西上田,1984,20
西大滝,0,20
西条,398,20
西松本,88,20
豊科,1948,20
豊野,4940,20
象山口,0,20
赤坂上,251,20
赤木,0,20
軽井沢,3339,20
辰野,0,20
都住,208,20
野辺山,306,20
金井山,0,20
金野,0,20
長野,10752,20
門島,0,20
附属中学前,2263,20
雨宮,0,20
青沼,0,20
須坂,6136,20
飯山,1998,20
飯島,0,20
飯森,0,20
飯田,0,20
馬流,0,20
駄科,0,20
高岩,0,20
高遠原,0,20
鶯巣,0,20
黒姫,537,20
鼎,0,20
龍岡城,0,20
みなみ子宝温泉,15,21
モレラ岐阜,239,21
万場,10,21
三柿野,0,21
上万場,9,21
下切,0,21
不破一色,0,21
二十軒,0,21
八坂,9,21
六軒,0,21
刃物会館前,78,21
切通,0,21
前平公園,113,21
加納,0,21
加茂野,102,21
北方真桑,244,21
北濃,14,21
十九条,31,21
南宿,0,21
可児,0,21
可児川,0,21
各務原市役所前,0,21
名鉄岐阜,0,21
名電各務原,0,21
多治見,0,21
大中,5,21
大垣,7687,21
大島,12,21
大矢,22,21
姫,0,21
富加,173,21
小泉,0,21
山岡,136,21
山田,8,21
岐南,0,21
岩村,223,21
市民公園前,0,21
御嵩,0,21
御嵩口,0,21
徳永,49,21
恵那,827,21
手力,0,21
新加納,0,21
新可児,0,21
新羽島,0,21
新那加,0,21
新鵜沼,0,21
日当,4,21
日本ライン今渡,0,21
明智,358,21
木尾,10,21
木知原,25,21
本巣,126,21
東大垣,115,21
東野,41,21
松森,50,21
柳津,0,21
根本,0,21
梅山,311,21
極楽,94,21
横屋,47,21
樽見,62,21
母野,8,21
水鳥,9,21
江吉良,0,21
洲原,33,21
深戸,35,21
湯の洞温泉口,55,21
田神,0,21
白山長滝,14,21
白鳥高原,24,21
相生,60,21
神海,15,21
福野,73,21
竹鼻,0,21
笠松,0,21
糸貫,33,21
細畑,0,21
織部,23,21
美並苅安,54,21
美江寺,45,21
美濃太田,816,21
美濃川合,0,21
美濃市,149,21
美濃白鳥,189,21
羽場,0,21
羽島市役所前,0,21
自然園前,2,21
花白温泉,19,21
苧ヶ瀬,0,21
茶所,0,21
西可児,0,21
西笠松,0,21
谷汲口,23,21
赤池,28,21
郡上八幡,300,21
郡上大和,30,21
野志,8,21
鍋原,5,21
関,391,21
関下有知,172,21
関口,430,21
関富岡,93,21
関市役所前,36,21
阿木,395,21
須賀,0,21
顔戸,0,21
飯沼,21,21
飯羽間,57,21
高尾,1,21
高田橋,0,21
高科,5,21
鵜沼宿,0,21
いこいの広場,140,22
さぎの宮,2273,22
ひらんだ,1,22
アスモ前,58,22
アプトいちしろ,5,22
フルーツパーク,22,22
三ヶ日,388,22
三島,17031,22
三島二日町,2956,22
三島広小路,3960,22
三島田町,2731,22
上島,3465,22
上市場,0,22
上野部,13,22
下土狩,0,22
下川合,0,22
下泉,60,22
中部天竜,0,22
二俣本町,87,22
五和,48,22
井川,215,22
今井浜海岸,286,22
代官町,34,22
伊東,15302,22
伊豆仁田,3197,22
伊豆北川,63,22
伊豆多賀,0,22
伊豆大川,268,22
伊豆急下田,3494,22
伊豆熱川,1078,22
伊豆稲取,1523,22
伊豆長岡,4910,22
伊豆高原,3174,22
佐久間,0,22
修善寺,4873,22
入山瀬,0,22
入江岡,723,22
八幡,2167,22
円田,73,22
出馬,0,22
助信,2672,22
千頭,1170,22
南伊東,1205,22
南御殿場,0,22
原木,670,22
原田,34,22
原谷,196,22
古庄,3604,22
向市場,0,22
土本,1,22
地名,18,22
城ヶ崎海岸,744,22
城西,0,22
塩郷,18,22
大仁,2401,22
大和田,15,22
大場,4981,22
大岡,0,22
大嵐,0,22
大森,44,22
天竜二俣,255,22
奥大井湖上,65,22
奥泉,60,22
奥浜名湖,65,22
宇佐美,0,22
宮口,237,22
家山,348,22
富士,0,22
富士宮,0,22
富士岡,0,22
富士根,0,22
富戸,389,22
寸座,24,22
小和田,0,22
尾奈,71,22
尾盛,1,22
岡地,97,22
岩水寺,94,22
岩波,0,22
崎平,13,22
川奈,1492,22
川根両国,7,22
川根小山,3,22
川根温泉笹間渡,52,22
常葉大学前,54,22
御殿場,0,22
御門台,2950,22
戸綿,296,22
抜里,23,22
掛川,1850,22
掛川市役所前,159,22
接岨峡温泉,62,22
敷地,56,22
新所原,670,22
新浜松,16457,22
新清水,6393,22
新金谷,825,22
新静岡,19657,22
日切,16,22
日吉町,1479,22
早瀬,0,22
春日町,1841,22
曳馬,2611,22
来宮,0,22
東都筑,73,22
柚木,3223,22
桜木,311,22
桜橋,4727,22
森町病院前,93,22
気賀,138,22
水窪,0,22
沢間,1,22
河津,1730,22
沼久保,0,22
沼津,0,22
浜北,3558,22
浜名湖佐久米,37,22
浦川,0,22
源道寺,0,22
熱海,0,22
片瀬白田,419,22
牧之郷,438,22
狐ヶ崎,5396,22
田京,2634,22
田野口,15,22
相月,0,22
県立美術館前,1912,22
県総合運動場,3668,22
知波田,78,22
神尾,5,22
福用,45,22
稲子,0,22
稲梓,55,22
積志,1869,22
竪堀,0,22
第一通り,3132,22
細谷,85,22
網代,0,22
美薗中央公園,2157,22
自動車学校前,1960,22
芝川,0,22
草薙,7801,22
蓮台寺,750,22
裾野,0,22
西富士宮,0,22
西掛川,185,22
西気賀,68,22
西鹿島,6938,22
豊岡,152,22
足柄,0,22
遠州小松,2122,22
遠州小林,2682,22
遠州岩水寺,809,22
遠州森,669,22
遠州病院,2014,22
遠州芝本,1364,22
遠州西ヶ崎,1773,22
遠江一宮,137,22
都田,85,22
都筑,105,22
金指,719,22
金谷,587,22
長島ダム,20,22
長沼,2498,22
長泉なめり,0,22
閑蔵,18,22
青部,12,22
韮山,2906,22
音羽町,1674,22
駿河小山,0,22
駿河徳山,98,22
こどもの国,0,23
ささしまライブ,6900,23
はなみずき通,3007,23
やぐま台,395,23
りんくう常滑,0,23
ナゴヤドーム前矢田,1420,23
一ツ木,0,23
七宝,0,23
三好ヶ丘,0,23
三河一宮,0,23
三河上郷,1996,23
三河八橋,0,23
三河大野,0,23
三河川合,0,23
三河東郷,0,23
三河槙原,0,23
三河田原,2986,23
三河知立,0,23
三河豊田,14918,23
三河高浜,0,23
三河鳥羽,0,23
三河鹿島,0,23
三郷,0,23
上ゲ,0,23
上丸渕,0,23
上小田井,0,23
上挙母,0,23
上横須賀,0,23
上豊田,0,23
上野間,0,23
上飯田,0,23
下地,0,23
下小田井,0,23
中京競馬場前,0,23
中小田井,0,23
中岡崎,4068,23
中島,5700,23
中水野,3317,23
中部国際空港,0,23
丸ノ内,0,23
丸渕,0,23
乙川,0,23
亀崎,0,23
二ツ杁,0,23
二子,0,23
五ノ三,0,23
井原,1122,23
今伊勢,0,23
伊奈,0,23
伏屋,5636,23
住吉町,0,23
佐古木,2666,23
佐屋,0,23
保見,1261,23
八幡,0,23
八幡新田,0,23
八草,13380,23
公園西,2400,23
六名,1491,23
六輪,0,23
内海,0,23
刈谷,0,23
刈谷市,0,23
前後,0,23
前畑,284,23
勝川,495,23
勝幡,0,23
北安城,0,23
北岡崎,3684,23
北新川,0,23
北野桝塚,2272,23
半田,0,23
半田口,0,23
南加木屋,0,23
南安城,0,23
南栄,3633,23
南桜井,0,23
南荒子,3000,23
印場,0,23
古見,0,23
吉浜,0,23
吉良吉田,0,23
名古屋,37300,23
名古屋競馬場前,6800,23
名和,0,23
名鉄一宮,0,23
名鉄名古屋,0,23
名電山中,0,23
名電赤坂,0,23
名電長沢,0,23
向ヶ丘,688,23
味岡,0,23
味美,220,23
味鋺,0,23
呼続,0,23
善師野,0,23
喜多山,0,23
四郷,1394,23
国府,0,23
国府宮,0,23
土橋,0,23
坂部,0,23
堀内公園,0,23
堀田,0,23
多屋,0,23
大同町,0,23
大山寺,0,23
大府,0,23
大曽根,6160,23
大森・金城学院前,0,23
大江,0,23
大海,0,23
大清水,2854,23
大里,0,23
大野町,0,23
大門,2759,23
太田川,0,23
奥田,0,23
奥町,0,23
妙興寺,0,23
宇頭,0,23
守山,968,23
守山自衛隊前,0,23
富吉,5186,23
富士松,0,23
富岡前,0,23
富貴,0,23
寺本,0,23
小坂井,0,23
小垣江,0,23
小幡,0,23
小幡緑地,1046,23
小本,2900,23
小池,906,23
小牧,0,23
小牧原,0,23
小牧口,0,23
小田井,379,23
小田渕,0,23
尼ヶ坂,0,23
尾張旭,0,23
尾張星の宮,469,23
尾張森岡,0,23
尾張横須賀,0,23
尾張瀬戸,0,23
山口,1932,23
山崎,0,23
山王,0,23
岡崎,0,23
岡崎公園前,0,23
岩倉,0,23
島氏永,0,23
川宮,1273,23
川村,1016,23
左京山,0,23
巽ヶ丘,0,23
市役所前,1224,23
布袋,0,23
常滑,0,23
平安通,12293,23
平戸橋,0,23
弥富,0,23
形原,0,23
御油,0,23
徳重・名古屋芸大,0,23
愛・地球博記念公園,4905,23
愛環梅坪,1958,23
愛知大学前,5284,23
成岩,0,23
戸田,4323,23
扶桑,0,23
新上挙母,1625,23
新城,0,23
新安城,0,23
新川,313,23
新川橋,0,23
新川町,0,23
新日鉄前,0,23
新木曽川,0,23
新清洲,0,23
新瀬戸,0,23
新舞子,0,23
新豊橋,18190,23
新豊田,15447,23
日比野,0,23
日進,0,23
日長,0,23
旭前,0,23
春日井,0,23
有松,0,23
朝倉,0,23
木曽川堤,0,23
木津用水,0,23
木田,0,23
末野原,2508,23
本宿,0,23
本星崎,0,23
本笠寺,0,23
本長篠,0,23
札木,338,23
杁ヶ池公園,3180,23
杉山,551,23
東上,0,23
東八町,724,23
東名古屋港,0,23
東大手,0,23
東岡崎,0,23
東幡豆,0,23
東成岩,0,23
東新町,0,23
東枇杷島,0,23
東栄,0,23
東浦,0,23
東田,511,23
東田坂上,1533,23
枇杷島,0,23
柏森,0,23
柳生橋,1320,23
柴田,0,23
柿平,0,23
栄生,0,23
栄町,0,23
桜,0,23
桜井,0,23
桜町前,0,23
梅坪,0,23
森上,0,23
森下,0,23
植大,0,23
植田,664,23
楽田,0,23
榎戸,0,23
武豊,0,23
比良,231,23
水野,0,23
永覚,579,23
江南,0,23
江島,0,23
池場,0,23
河和,0,23
河和口,0,23
津島,0,23
浄水,0,23
清水,0,23
渕高,0,23
湯谷温泉,0,23
瀬戸口,4175,23
瀬戸市,6392,23
瀬戸市役所前,0,23
烏森,5019,23
牛久保,0,23
牛山,0,23
牛田,0,23
犬山,0,23
犬山口,0,23
犬山遊園,0,23
猿投,0,23
玉ノ井,0,23
玉野,0,23
瓢箪山,0,23
甚目寺,0,23
田県神社前,0,23
男川,0,23
町方,0,23
白沢,0,23
白沢渓谷,856,23
矢作橋,0,23
矢田,0,23
知多半田,0,23
知多奥田,0,23
知多武豊,0,23
知立,0,23
石仏,0,23
石刀,0,23
石浜,0,23
砂田橋,2285,23
碧南,0,23
碧南中央,0,23
碧海古井,0,23
神宮前,0,23
神戸,237,23
福地,0,23
稲永,5200,23
稲荷口,0,23
競輪場前,853,23
竹村,0,23
篠原,279,23
米津,0,23
米野,1285,23
米野木,0,23
緒川,0,23
美合,0,23
美浜緑苑,0,23
羽黒,0,23
老津,623,23
聚楽園,0,23
船町,0,23
芦原,730,23
芸大通,2147,23
苅安賀,0,23
若林,0,23
茶臼山,0,23
荒子,4700,23
荒子川公園,6200,23
萩原,0,23
蒲池,0,23
蒲郡,0,23
蒲郡競艇場前,0,23
藤が丘,19985,23
藤川,0,23
藤浪,0,23
西ノ口,0,23
西一宮,0,23
西尾,0,23
西尾口,0,23
西幡豆,0,23
西春,0,23
西枇杷島,0,23
西浦,0,23
観音寺,0,23
諏訪町,0,23
豊島,415,23
豊川,0,23
豊川稲荷,0,23
豊明,0,23
豊橋,0,23
豊橋公園前,264,23
豊田市,0,23
豊田本町,0,23
貝津,1109,23
赤岩口,1378,23
赤池,0,23
越戸,0,23
近鉄八田,3926,23
近鉄名古屋,106217,23
近鉄弥富,11423,23
近鉄蟹江,11424,23
運動公園前,854,23
道徳,0,23
重原,0,23
野田城,0,23
野跡,1900,23
野間,0,23
金城ふ頭,7700,23
金屋,1253,23
金山,0,23
長久手古戦場,6670,23
長山,0,23
長浦,0,23
長篠城,0,23
開明,0,23
間内,0,23
阿久比,0,23
陶磁資料館南,290,23
青塚,0,23
青山,0,23
須ヶ口,0,23
駅前,6811,23
駅前大通,412,23
高師,2984,23
高横須賀,0,23
高浜港,0,23
高蔵寺,0,23
鳥居,0,23
鳴海,0,23
黄金,2409,23
黒田,0,23
黒笹,0,23
あすなろう四日市,0,24
一志,0,24
七和,633,24
三日市,1227,24
三里,676,24
上ノ庄,0,24
上之郷,150,24
中之郷,301,24
中川原,1658,24
中瀬古,267,24
中菰野,981,24
丹生川,286,24
久居,9581,24
二見浦,0,24
五十鈴川,2603,24
五知,28,24
井関,0,24
伊勢上野,102,24
伊勢中原,362,24
伊勢中川,7264,24
伊勢八太,0,24
伊勢八知,0,24
伊勢大井,0,24
伊勢奥津,0,24
伊勢川口,0,24
伊勢川島,2193,24
伊勢市,10188,24
伊勢朝日,3937,24
伊勢松本,2482,24
伊勢治田,398,24
伊勢石橋,54,24
伊勢竹原,0,24
伊勢若松,1924,24
伊勢鎌倉,0,24
伊賀上津,111,24
伊賀神戸,4420,24
保々,1320,24
内部,0,24
加茂,168,24
北勢中央公園口,627,24
北楠,1791,24
千代崎,1872,24
千里,2527,24
南が丘,3265,24
南日永,0,24
名張,11999,24
四十九,165,24
在良,317,24
塩浜,7371,24
外城田,0,24
多気,0,24
大三,443,24
大安,834,24
大泉,570,24
大矢知,734,24
大羽根園,727,24
宇治山田,8650,24
宮川,0,24
宮町,1227,24
家城,0,24
小俣,746,24
小古曽,0,24
山城,901,24
山田上口,0,24
川原町,1800,24
川合高岡,987,24
川越富洲原,6257,24
平津,360,24
平田町,5467,24
徳田,38,24
志摩横山,174,24
志摩磯部,812,24
志摩神明,307,24
志摩赤崎,400,24
斎宮,1372,24
新正,1744,24
日永,0,24
明星,1310,24
明野,2061,24
星川,1436,24
暁学園前,3157,24
朝熊,132,24
東一身田,139,24
東員,945,24
東松阪,2119,24
東藤原,109,24
東青山,37,24
松ヶ崎,955,24
松下,0,24
松尾,141,24
松阪,16181,24
柘植,0,24
柳,261,24
桃園,503,24
桑名,33126,24
桔梗が丘,5492,24
桜,3268,24
梅戸井,293,24
楚原,1145,24
楠,1562,24
榊原温泉口,923,24
権現前,0,24
櫛田,1237,24
比津,0,24
江戸橋,7923,24
池の浦,925,24
池の浦シーサイド,0,24
沓掛,20,24
河原田,0,24
河芸,91,24
泊,0,24
津,70112,24
津新町,12063,24
海山道,1521,24
湯の山温泉,554,24
漕代,323,24
玉垣,379,24
田丸,0,24
白塚,1640,24
白子,14563,24
白木,43,24
益生,2665,24
磯山,1457,24
穴太,630,24
穴川,58,24
箕田,898,24
美旗,1456,24
船津,212,24
菰野,2428,24
蓮花寺,728,24
西別所,279,24
西日野,0,24
西桑名,4445,24
西藤原,199,24
西野尻,56,24
西青山,12,24
豊津上野,1231,24
賢島,1125,24
赤堀,0,24
赤目口,1258,24
近鉄四日市,45116,24
近鉄富田,21781,24
近鉄長島,2963,24
追分,0,24
鈴鹿,577,24
鈴鹿サーキット稲生,261,24
鈴鹿市,3503,24
長太ノ浦,1244,24
関ノ宮,0,24
阿下喜,638,24
阿倉川,4376,24
霞ヶ浦,3680,24
青山町,1808,24
馬道,785,24
高田本山,1851,24
高角,707,24
鳥羽,4406,24
鵜方,2012,24
麻生田,259,24
鼓ヶ浦,1252,24
おごと温泉,13058,25
ひこね芹川,239,25
びわ湖浜大津,5532,25
スクリーン,1267,25
フジテック前,549,25
マキノ,652,25
三井寺,1693,25
三雲,3974,25
上栄町,1393,25
中ノ庄,1509,25
五箇荘,186,25
京セラ前,121,25
京阪大津京,6206,25
京阪石山,7696,25
京阪膳所,6618,25
信楽,892,25
八日市,4205,25
勅旨,55,25
北小松,794,25
南滋賀,1891,25
和邇,4732,25
唐崎,7696,25
唐橋前,1966,25
坂本比叡山口,2935,25
堅田,15956,25
多賀大社前,270,25
大学前,211,25
大津京,19274,25
大津市役所前,2984,25
大谷,319,25
太郎坊宮前,304,25
安曇川,3372,25
寺庄,1506,25
小野,5978,25
尼子,496,25
島ノ関,1966,25
市辺,449,25
平田,321,25
彦根口,939,25
志賀,2102,25
愛知川,786,25
手原,6116,25
新八日市,1060,25
新旭,2310,25
朝日大塚,145,25
朝日野,60,25
松ノ馬場,1464,25
桜川,258,25
武佐,458,25
比叡山坂本,11280,25
比良,3098,25
水口,725,25
水口城南,1047,25
水口松尾,135,25
水口石橋,135,25
永原,246,25
河辺の森,36,25
油日,574,25
滋賀里,2033,25
玉桂寺前,16,25
瓦ヶ浜,1284,25
甲南,1712,25
甲西,4710,25
甲賀,1510,25
石場,2796,25
石山寺,2559,25
石部,3756,25
穴太,883,25
粟津,1389,25
紫香楽宮跡,132,25
膳所本町,2582,25
草津,0,25
蓬莱,1980,25
貴生川,10880,25
近江中庄,256,25
近江今津,4204,25
近江八幡,5266,25
近江塩津,0,25
近江神宮前,1358,25
近江舞子,1530,25
近江高島,1672,25
追分,1511,25
錦,1928,25
長谷野,169,25
雲井,145,25
高宮,308,25
鳥居本,232,25
くいな橋,5884,26
トロッコ亀岡,4390,26
トロッコ保津峡,13,26
トロッコ嵐山,1890,26
トロッコ嵯峨,2580,26
一乗寺,2272,26
七条,14214,26
三宅八幡,583,26
三室戸,4038,26
三山木,4746,26
三条,38421,26
三条京阪,26816,26
上桂,7835,26
上狛,782,26
上鳥羽口,8128,26
下天津,2,26
下狛,846,26
中書島,12438,26
丸太町,22252,26
丹波橋,45161,26
久津川,7293,26
九条,5274,26
二ノ瀬,56,26
二俣,1,26
二条,20048,26
二条城前,10348,26
二軒茶屋,1356,26
五条,14360,26
京田辺,12610,26
京都,208819,26
京都市役所前,28240,26
京都精華大前,1069,26
京阪山科,3981,26
今出川,27761,26
伊勢田,6933,26
伏見,7408,26
伏見桃山,10874,26
伏見稲荷,13685,26
修学院,2892,26
元田中,906,26
八幡前,625,26
八瀬比叡山口,788,26
公庄,1,26
六地蔵,37226,26
出町柳,49425,26
北大路,30644,26
北山,14482,26
北野白梅町,3356,26
十条,13189,26
同志社前,9318,26
向島,15839,26
喜多,1,26
四宮,2037,26
四条,99307,26
四条大宮,5913,26
国際会館,25567,26
城陽,7022,26
墨染,7681,26
大久保,25445,26
大住,3796,26
大江,81,26
大江山口内宮,9,26
大江高校前,168,26
太秦天神川,16966,26
太秦広隆寺,1529,26
妙心寺,566,26
宇多野,527,26
宇治,23148,26
宝ヶ池,795,26
宮村,7,26
宮津,0,26
富野荘,6307,26
寺田,8691,26
小倉,15940,26
小野,7286,26
山ノ内,1023,26
山城多賀,868,26
山城青谷,1888,26
山田川,4280,26
山科,43689,26
岩倉,1284,26
嵐山,13792,26
嵐電天神川,4754,26
嵐電嵯峨,1665,26
市原,766,26
帷子ノ辻,3457,26
常盤,1429,26
御室仁和寺,628,26
御陵,14207,26
撮影所前,620,26
新田,6266,26
新田辺,24474,26
新祝園,14793,26
有栖川,2149,26
木幡,10539,26
木津,0,26
木津川台,2388,26
木野,393,26
東寺,9285,26
東山,19336,26
東福寺,37181,26
東舞鶴,3024,26
東野,11869,26
松ヶ崎,11609,26
松井山手,13752,26
松尾大社,5075,26
松尾寺,92,26
桂,0,26
桃山,4166,26
桃山南口,4671,26
桃山御陵前,15214,26
梅迫,166,26
棚倉,1120,26
椥辻,16821,26
橋本,5035,26
淀,16120,26
淵垣,348,26
清水五条,9196,26
烏丸御池,110177,26
牧,15,26
狛田,2849,26
玉水,1966,26
真倉,46,26
石田,6815,26
祇園四条,56167,26
祝園,4404,26
神宮丸太町,8348,26
福知山,931,26
福知山市民病院口,40,26
稲荷,18636,26
竹田,30957,26
綾部,0,26
興戸,10496,26
茶山,1778,26
荒河かしの木台,28,26
藤森,12586,26
蚕ノ社,754,26
西大路三条,1006,26
西大路御池,12014,26
西木津,916,26
西舞鶴,2810,26
西院,5110,26
観月橋,4265,26
貴船口,703,26
蹴上,11839,26
車折神社,2520,26
辛皮,5,26
近鉄丹波橋,46900,26
近鉄宮津,422,26
醍醐,13263,26
長池,2396,26
鞍馬,896,26
鞍馬口,10087,26
鳥羽街道,3105,26
鳴滝,945,26
鹿王院,1193,26
黄檗,12746,26
龍安寺,1164,26
JR淡路,0,27
JR野江,0,27
ときわ台,2260,27
なにわ橋,2353,27
みさき公園,4846,27
りんくうタウン,18966,27
コスモスクエア,0,27
トレードセンター前,12895,27
ドーム前,9478,27
フェリーターミナル,3539,27
ポートタウン東,13443,27
ポートタウン西,8556,27
ユニバーサルシティ,62958,27
七道,11367,27
万博記念公園,0,27
三ツ松,412,27
三ヶ山口,289,27
三国ヶ丘,40342,27
三日市町,14668,27
上ノ太子,4528,27
上野芝,17518,27
下新庄,8477,27
下松,7912,27
中ふ頭,5440,27
中之島,9706,27
中百舌鳥,23877,27
久宝寺口,5445,27
久米田,13348,27
九条,14251,27
二色浜,4528,27
井原里,3141,27
交野市,9120,27
京橋,426307,27
今宮,0,27
今川,4295,27
今池,86,27
今船,125,27
今里,10901,27
伝法,8272,27
伽羅橋,1544,27
住ノ江,12219,27
住之江公園,0,27
住吉,971,27
住吉公園,0,27
住吉大社,9033,27
住吉東,6484,27
住吉鳥居前,1455,27
住道,62196,27
俊徳道,6699,27
信太山,8028,27
信貴山口,1380,27
光善寺,17678,27
光明池,30453,27
光風台,3523,27
八戸ノ里,27151,27
出来島,10517,27
初芝,17122,27
加島,17928,27
北信太,12328,27
北助松,12485,27
北千里,25728,27
北天下茶屋,89,27
北新地,102244,27
北浜,30430,27
北田辺,5277,27
北畠,2357,27
北野田,33989,27
千代田,13988,27
千早口,234,27
千林,7997,27
千船,16783,27
千里中央,42048,27
千里山,15790,27
千鳥橋,9392,27
南千里,23368,27
南吹田,0,27
南摂津,9685,27
南港口,4740,27
南港東,3880,27
南田辺,8614,27
南茨木,30713,27
古川橋,19659,27
古市,20937,27
吉田,15369,27
吉見ノ里,3858,27
名越,420,27
吹田,15409,27
和泉中央,33205,27
和泉大宮,4696,27
和泉府中,35008,27
和泉橋本,6554,27
和泉砂川,8552,27
和泉鳥取,4416,27
喜志,17226,27
四条畷,37498,27
土居,4858,27
土師ノ里,7284,27
城北公園通,0,27
堅下,3821,27
堺,38564,27
堺市,24038,27
堺東,59855,27
塚西,133,27
多奈川,638,27
大和川,107,27
大和田,18734,27
大小路,767,27
大日,14885,27
大正,49552,27
大江橋,4960,27
大阪,0,27
大阪上本町,77990,27
大阪城公園,25756,27
大阪城北詰,10688,27
大阪天満宮,51160,27
大阪教育大前,6484,27
大阪狭山市,9431,27
大阪空港,17003,27
大阪阿部野橋,162589,27
大阪難波,168256,27
天下茶屋,74719,27
天満,52866,27
天満橋,48054,27
天王寺,0,27
天王寺駅前,12106,27
天神ノ森,140,27
天神橋筋六丁目,0,27
天見,367,27
妙国寺前,287,27
妙見口,890,27
姫島,13812,27
姫松,2012,27
孝子,115,27
宇野辺,7583,27
守口市,31407,27
安堂,2387,27
安治川口,26038,27
安立町,1123,27
宮之阪,5052,27
宿院,646,27
富木,7940,27
富田林,13577,27
富田林西口,6537,27
寝屋川公園,9080,27
寝屋川市,54221,27
寺地町,387,27
寺田町,34530,27
少路,12820,27
尾崎,10203,27
山中渓,354,27
山田,41879,27
岡田浦,2415,27
岸和田,24104,27
岸里玉出,7031,27
川西,3830,27
布忍,5057,27
布施,39370,27
帝塚山,7835,27
帝塚山三丁目,1617,27
帝塚山四丁目,1195,27
平林,4875,27
弁天町,67662,27
弥刀,10299,27
御幣島,26874,27
御殿山,11641,27
御陵前,411,27
徳庵,21060,27
忠岡,9497,27
恩智,5316,27
恵我ノ荘,10677,27
恵美須町,655,27
我孫子前,8483,27
我孫子町,12562,27
我孫子道,2477,27
摂津,5297,27
放出,67588,27
新今宮,228790,27
新今宮駅前,723,27
新加美,4214,27
新大阪,126938,27
新家,5440,27
新石切,18240,27
新福島,20436,27
日根野,17584,27
星ヶ丘,4384,27
星田,16290,27
春木,14694,27
服部川,2043,27
杉本町,18190,27
村野,4774,27
東佐野,2650,27
東天下茶屋,1548,27
東岸和田,22186,27
東湊,885,27
東玉出,95,27
東粉浜,100,27
東羽衣,10452,27
東花園,19107,27
東貝塚,4968,27
松ノ浜,4042,27
松田町,87,27
松虫,979,27
枚岡,4799,27
枚方公園,18229,27
枚方市,81620,27
柏原,0,27
柏原南口,971,27
柴島,4596,27
栂・美木多,19488,27
桃谷,36530,27
桜ノ宮,35002,27
桜井,9962,27
桜島,25482,27
桜川,5516,27
森,697,27
森ノ宮,50164,27
森小路,8495,27
樟葉,54304,27
樽井,7967,27
水間観音,1289,27
汐ノ宮,2190,27
沢ノ町,8303,27
沢良宜,3614,27
河内国分,16458,27
河内天美,16958,27
河内小阪,26959,27
河内山本,20281,27
河内松原,29976,27
河内森,8869,27
河内永和,10987,27
河内磐船,22360,27
河内花園,10987,27
河内長野,39349,27
河堀口,3116,27
泉ヶ丘,40811,27
泉佐野,24360,27
泉大津,29199,27
法善寺,3944,27
津久野,16896,27
津田,11080,27
浅香,4444,27
浅香山,8617,27
浜寺公園,4314,27
浜寺駅前,832,27
海老江,23124,27
淀屋橋,96075,27
淀川,5183,27
淡路,0,27
淡輪,2149,27
深井,25811,27
深日港,708,27
深日町,528,27
清児,1234,27
渡辺橋,8449,27
湊,6647,27
滝井,5285,27
滝谷,5306,27
滝谷不動,6914,27
熊取,22186,27
牧落,7656,27
牧野,19772,27
狭山,6032,27
玉造,33838,27
瓢箪山,21783,27
白鷺,10524,27
百舌鳥,7776,27
百舌鳥八幡,4536,27
矢田,9340,27
石切,8887,27
石才,425,27
石津,375,27
石津北,403,27
石津川,14326,27
神ノ木,620,27
神明町,400,27
福,12991,27
福島,59146,27
私市,2519,27
箕面,14553,27
箱作,4992,27
粉浜,4187,27
細井川,719,27
綾ノ町,564,27
美加の台,3787,27
美章園,10542,27
羽倉崎,6266,27
羽衣,22227,27
聖天坂,204,27
船尾,568,27
芦原橋,11708,27
花田口,402,27
若江岩田,15832,27
荒本,16277,27
萩原天神,7523,27
萱島,23665,27
藤井寺,35802,27
藤阪,6428,27
蛍池,28834,27
蛸地蔵,4786,27
衣摺加美北,3062,27
西三荘,16385,27
西九条,100208,27
諏訪ノ森,7810,27
豊津,13256,27
貝塚,24509,27
貝塚市役所前,239,27
近義の里,226,27
近鉄八尾,37867,27
近鉄日本橋,50224,27
道明寺,6643,27
郡津,5748,27
野崎,22400,27
野江,10929,27
野田,57509,27
金剛,33341,27
針中野,9275,27
長尾,23094,27
長居,11092,27
長滝,1900,27
長瀬,30889,27
長田,0,27
門真市,47769,27
関大前,27199,27
関目,12456,27
関西空港,29074,27
阿倍野,2003,27
難波,255598,27
額田,3490,27
香里園,50377,27
駒ヶ谷,1417,27
高井田中央,10932,27
高安,11202,27
高安山,42,27
高師浜,1652,27
高石,10131,27
高見ノ里,6619,27
高須神社,457,27
高鷲,6647,27
鳥取ノ荘,3507,27
鴫野,40256,27
鴻池新田,27096,27
鶴原,3343,27
鶴橋,361585,27
みなとじま,16841,28
みなと元町,3652,28
アイランドセンター,18908,28
アイランド北口,8533,28
ウッディタウン中央,3850,28
ハーバーランド,15458,28
フラワータウン,5604,28
ポートターミナル,828,28
マリンパーク,7148,28
一の鳥居,749,28
三宮,198258,28
三宮・花時計前,16510,28
三日月,280,28
三木,1789,28
三木上の丸,383,28
三田,35890,28
三田本町,629,28
上月,76,28
上沢,7752,28
上郡,498,28
下滝,110,28
中八木,2559,28
中公園,7909,28
中埠頭,3269,28
中央市場前,6856,28
中山寺,18948,28
丸山,1132,28
丹波大山,172,28
丹波竹田,298,28
久下村,8,28
久寿川,4361,28
久崎,80,28
二郎,209,28
五社,2083,28
京コンピュータ前,4341,28
京口,2196,28
人丸前,1242,28
仁川,24791,28
仁豊野,2090,28
今津,24226,28
伊丹,72828,28
伊保,2194,28
住吉,26938,28
佐用,1300,28
余部,4508,28
備前福河,56,28
八家,2407,28
出屋敷,12432,28
加古川,0,28
北伊丹,11266,28
北埠頭,1837,28
北条町,524,28
北鈴蘭台,12356,28
医療センター,15150,28
千本,62,28
南ウッディタウン,1838,28
南公園,5193,28
南矢代,338,28
南魚崎,1790,28
厄神,1708,28
古市,452,28
名谷,52176,28
和田山,0,28
和田岬,21666,28
唐櫃台,3131,28
坂越,1416,28
塚口,23312,28
夙川,0,28
多田,7050,28
夢前川,1633,28
大倉山,11676,28
大塩,3976,28
大村,1012,28
大池,3538,28
大物,8427,28
大石,9635,28
大蔵谷,1854,28
天和,486,28
太市,794,28
妙法寺,33816,28
妻鹿,2158,28
姫路,0,28
宝塚,62328,28
宝塚南口,11529,28
寺前,804,28
小林,14891,28
小野,3489,28
小野町,796,28
尼崎,0,28
尼崎センタープール前,10656,28
尾上の松,3229,28
山の街,4666,28
山下,6692,28
山陽垂水,9939,28
山陽塩屋,1227,28
山陽天満,1777,28
山陽姫路,23600,28
山陽明石,25715,28
山陽曽根,2748,28
山陽網干,3484,28
山陽須磨,2570,28
山陽魚住,1973,28
岡場,12324,28
岩屋,11334,28
川西池田,39574,28
川西能勢口,0,28
市場,623,28
市島,458,28
市民広場,15979,28
平松,1105,28
平福,26,28
平野,6884,28
広畑,1616,28
広野,2360,28
広野ゴルフ場前,984,28
御崎公園,6874,28
志染,3685,28
恵比須,1298,28
手柄,1889,28
打出,16068,28
押部谷,1516,28
播州赤穂,8274,28
播磨下里,87,28
播磨徳久,196,28
播磨新宮,2518,28
播磨横田,54,28
播磨町,3743,28
播磨高岡,3332,28
新三田,28880,28
新井,232,28
新伊丹,6744,28
新在家,11313,28
新神戸,46476,28
新西脇,14,28
新野,1084,28
新長田,61290,28
日岡,1220,28
日本へそ公園,20,28
日生中央,10662,28
旧居留地・大丸前,4022,28
月見山,4782,28
有馬口,918,28
有馬温泉,3385,28
木幡,831,28
木津,1122,28
本竜野,3934,28
本黒田,66,28
杭瀬,8871,28
東二見,7037,28
東垂水,1210,28
東觜崎,878,28
東須磨,2791,28
東鳴尾,2134,28
板宿,44206,28
林崎松江海岸,4533,28
柏原,1660,28
栄,1391,28
横山,4814,28
樫山,598,28
武庫川,28904,28
武庫川団地前,7542,28
武田尾,1260,28
比延,22,28
江井ヶ島,3775,28
河合西,292,28
河野原円心,5,28
法華口,78,28
洲先,1903,28
浜の宮,3729,28
深江,17959,28
湊川,12510,28
湊川公園,20838,28
溝口,3452,28
滝,96,28
滝の茶屋,4619,28
滝山,1959,28
滝野,552,28
猪名寺,18902,28
甘地,1716,28
生瀬,3586,28
生野,498,28
田原,66,28
田尾寺,6314,28
甲子園,53400,28
甲東園,26193,28
甲陽園,10056,28
畦野,7759,28
白浜の宮,4815,28
的形,1633,28
相生,0,28
相野,6470,28
県庁前,11290,28
石井,5,28
石屋川,6794,28
石生,758,28
砥堀,1334,28
社町,896,28
神戸空港,7144,28
神野,2142,28
神鉄六甲,1118,28
神鉄道場,2756,28
福崎,3348,28
稲野,7750,28
竹田,308,28
笹部,125,28
箕谷,2435,28
粟生,4470,28
絹延橋,1884,28
網引,55,28
緑が丘,3152,28
舞子公園,3663,28
船町口,16,28
花山,3885,28
苅藻,3718,28
苔縄,8,28
苦楽園口,12174,28
草野,484,28
荒井,9372,28
葉多,207,28
藍本,330,28
藍那,161,28
藤江,2785,28
西二見,4313,28
西代,6094,28
西宮北口,0,28
西宮名塩,17846,28
西新町,4312,28
西栗栖,176,28
西江井ヶ島,2748,28
西灘,5437,28
西相生,1802,28
西脇市,1594,28
西舞子,1864,28
西鈴蘭台,8984,28
西飾磨,1812,28
谷上,26293,28
谷川,854,28
貿易センター,3437,28
逆瀬川,24284,28
道場,1910,28
道場南口,3314,28
野里,3656,28
鈴蘭台,19357,28
鈴蘭台西口,1333,28
長,35,28
長田,16217,28
長谷,42,28
門戸厄神,20251,28
阪神国道,3770,28
霞ヶ丘,2232,28
青倉,116,28
青木,15125,28
須磨寺,1872,28
須磨浦公園,1066,28
飾磨,7708,28
香呂,3152,28
香櫨園,11042,28
駒ヶ林,2626,28
魚崎,41011,28
鵯越,1045,28
鶴居,448,28
黒井,920,28
黒田庄,64,28
鼓滝,5318,28
ファミリー公園前,501,29
一分,5154,29
三本松,151,29
三輪,1316,29
下市口,2341,29
九条,4683,29
二上,9326,29
二上山,1192,29
二上神社口,799,29
二階堂,3479,29
五位堂,26874,29
五条,2696,29
京終,1446,29
但馬,893,29
佐味田川,1446,29
信貴山下,2606,29
元山上口,1465,29
八木西口,5867,29
六田,918,29
前栽,3931,29
勢野北口,1825,29
北宇智,372,29
南生駒,5256,29
吉野,714,29
吉野口,2537,29
吉野神宮,489,29
坊城,3119,29
壺阪山,1156,29
大和上市,499,29
大和二見,414,29
大和八木,31478,29
大和新庄,730,29
大和朝倉,2125,29
大和西大寺,48072,29
大和高田,15019,29
大福,1642,29
大輪田,2264,29
大阿太,104,29
天理,15058,29
奈良,0,29
学園前,51146,29
学研北生駒,6419,29
学研奈良登美ヶ丘,14165,29
宝山寺,999,29
室生口大野,956,29
富雄,28125,29
尺土,4348,29
尼ヶ辻,4738,29
岡寺,1367,29
巻向,720,29
市尾,441,29
帯解,940,29
平城,3045,29
平端,4341,29
平群,2979,29
当麻寺,1324,29
御所,1144,29
忍海,1525,29
志都美,3984,29
掖上,264,29
新ノ口,4029,29
新大宮,28890,29
新王寺,7152,29
東山,3761,29
東生駒,17682,29
松塚,1362,29
柳本,1186,29
桜井,20257,29
梅屋敷,26,29
榛原,8833,29
橿原神宮前,17815,29
橿原神宮西口,2124,29
櫟本,1852,29
池部,1186,29
浮孔,1552,29
玉手,858,29
王寺,9656,29
生駒,47254,29
生駒山上,295,29
田原本,13250,29
畝傍,962,29
畝傍御陵前,4043,29
畠田,3444,29
白庭台,9339,29
真菅,5036,29
石見,2142,29
磐城,1196,29
福神,2423,29
竜田川,1867,29
笠縫,2536,29
筒井,7779,29
箸尾,1722,29
築山,3089,29
結崎,3885,29
耳成,3865,29
菖蒲池,12583,29
菜畑,3686,29
萩の台,2634,29
葛,381,29
薬水,85,29
西ノ京,7800,29
西田原本,5690,29
越部,577,29
近鉄下田,5194,29
近鉄奈良,55330,29
近鉄御所,3194,29
近鉄新庄,2600,29
近鉄郡山,17558,29
金橋,1090,29
長柄,1140,29
長谷寺,1226,29
関屋,4122,29
霞ヶ丘,2,29
飛鳥,2112,29
香久山,332,29
香芝,3172,29
高の原,34836,29
高田,4384,29
高田市,7407,29
鳥居前,682,29
黒田,766,29
上古沢,14,30
下井阪,910,30
下兵庫,282,30
下古沢,46,30
中松江,926,30
中飯降,742,30
九度山,579,30
二里ヶ浜,389,30
交通センター前,228,30
伊太祈曽,776,30
八幡前,1525,30
六十谷,7146,30
加太,717,30
千旦,402,30
吉礼,430,30
名手,978,30
和歌山,4562,30
和歌山大学前,9361,30
和歌山市,16723,30
和歌山港,504,30
大池遊園,205,30
大谷,192,30
妙寺,554,30
学文路,470,30
学門,60,30
山東,72,30
岡崎前,965,30
岩出,3946,30
市役所前,40,30
布施屋,724,30
御坊,0,30
御幸辻,2760,30
打田,1200,30
日前宮,703,30
東松江,965,30
林間田園都市,8161,30
極楽橋,68,30
橋本,12604,30
甘露寺前,592,30
田中口,166,30
田井ノ瀬,664,30
磯ノ浦,144,30
神前,604,30
竈山,509,30
笠田,1498,30
粉河,2000,30
紀ノ川,2823,30
紀伊,7896,30
紀伊中ノ島,860,30
紀伊小倉,1338,30
紀伊山田,1288,30
紀伊御坊,50,30
紀伊清水,271,30
紀伊神谷,14,30
紀伊細川,21,30
紀伊長田,198,30
紀見峠,565,30
船戸,530,30
西ノ庄,675,30
西山口,279,30
西御坊,50,30
西笠田,94,30
貴志,1342,30
隅田,456,30
高野下,93,30
高野口,1206,30
三本松口,392,31
上石見,22,31
上菅,12,31
上道,356,31
中浜,102,31
丹比,102,31
伯耆大山,0,31
伯耆溝口,168,31
余子,690,31
八東,60,31
八頭高校前,367,31
博労町,470,31
和田浜,200,31
因幡社,46,31
因幡船岡,35,31
国英,38,31
土師,48,31
境港,874,31
大篠津町,118,31
安部,54,31
富士見町,306,31
山郷,14,31
岸本,210,31
後藤,866,31
徳丸,32,31
恋山形,5,31
智頭,2878,31
東郡家,148,31
根雨,436,31
武庫,60,31
江尾,104,31
河原,146,31
河崎口,406,31
津ノ井,1154,31
生山,194,31
用瀬,184,31
米子,0,31
米子空港,388,31
若桜,249,31
那岐,46,31
郡家,2014,31
隼,45,31
馬場崎町,460,31
高松町,90,31
鳥取,0,31
鷹狩,82,31
黒坂,48,31
一畑口,154,32
三井野原,6,32
下久野,8,32
乙原,0,32
亀嵩,46,32
伊野灘,57,32
作木口,0,32
八川,0,32
出雲三成,154,32
出雲八代,32,32
出雲坂根,2,32
出雲大東,308,32
出雲大社前,848,32
出雲横田,200,32
出雲科学館パークタウン前,50,32
加茂中,120,32
千金,0,32
南大東,12,32
南宍道,6,32
口羽,0,32
因原,0,32
園,65,32
大寺,15,32
大津町,269,32
宇都井,0,32
宍道,0,32
川平,0,32
川戸,0,32
川跡,417,32
布崎,139,32
幡屋,82,32
旅伏,160,32
日原,82,32
日登,14,32
明塚,0,32
朝日ヶ丘,198,32
木次,300,32
木路原,0,32
本俣賀,4,32
東青原,24,32
松江しんじ湖温泉,1815,32
松江イングリッシュガーデン前,103,32
松江フォーゲルパーク,68,32
武志,51,32
江平,0,32
江津,0,32
江津本町,0,32
沢谷,0,32
津ノ森,151,32
津和野,392,32
浜原,0,32
浜山公園北口,212,32
潮,0,32
田津,0,32
益田,0,32
石見川本,0,32
石見川越,0,32
石見松原,0,32
石見横田,12,32
石見簗瀬,0,32
石見都賀,0,32
秋鹿町,158,32
竹,0,32
粕淵,0,32
美談,46,32
長江,43,32
雲州平田,1144,32
電鉄出雲市,1546,32
青原,26,32
青野山,4,32
高ノ宮,23,32
高浜,92,32
鹿賀,0,32
あわくら温泉,15,33
いずえ,56,33
三浦,28,33
三菱自工前,119,33
三谷,65,33
上の町,894,33
中国勝山,654,33
中納言,308,33
丹治部,34,33
久々原,150,33
久世,372,33
亀甲,444,33
井倉,60,33
井原,801,33
伊部,874,33
伊里,392,33
佐良山,34,33
倉敷,0,33
倉敷市,4558,33
備中呉妹,87,33
備中川面,110,33
備中広瀬,106,33
備中神代,16,33
備中箕島,352,33
備中高松,2584,33
備中高梁,3684,33
備前一宮,2010,33
備前三門,2130,33
備前原,218,33
備前片上,292,33
備前片岡,468,33
備前田井,634,33
備前西市,3406,33
児島,9694,33
八浜,870,33
刑部,92,33
勝間田,264,33
古見,138,33
吉備津,1214,33
吉備真備,514,33
坂根,4,33
坪井,42,33
城下,2238,33
大元,3618,33
大原,92,33
大多羅,3188,33
大安寺,682,33
大富,470,33
大雲寺前,158,33
妹尾,6344,33
子守唄の里高屋,192,33
宇野,2466,33
宮本武蔵,10,33
富原,56,33
寒河,368,33
小原,60,33
小橋,202,33
小田,100,33
岡山,0,33
岡山駅前,7498,33
岩山,8,33
川辺宿,189,33
市岡,16,33
常山,904,33
常盤,362,33
建部,368,33
弓削,406,33
弥生,593,33
彦崎,584,33
新西大寺町筋,155,33
新見,1452,33
新郷,16,33
方谷,26,33
日生,680,33
日羽,176,33
早島,2476,33
早雲の里荏原,209,33
月田,122,33
服部,1640,33
木見,390,33
木野山,56,33
東中央町,169,33
東岡山,0,33
東津山,236,33
東総社,1866,33
林野,232,33
柳川,482,33
栄,552,33
植松,370,33
楢原,50,33
水島,1327,33
法界院,2584,33
津山,3846,33
津山口,44,33
浦田,722,33
清輝橋,646,33
清音,4724,33
牧山,54,33
玉柏,188,33
球場前,404,33
田町,122,33
県庁通り,1948,33
矢掛,733,33
矢神,18,33
知和,8,33
石蟹,208,33
神目,126,33
福井,536,33
福渡,522,33
総社,7312,33
美作加茂,128,33
美作千代,68,33
美作土居,56,33
美作大崎,48,33
美作江見,106,33
美作河井,24,33
美作滝尾,60,33
美作落合,416,33
美作追分,48,33
美袋,552,33
茶屋町,7784,33
西勝間田,24,33
西大寺,7408,33
西大寺町,444,33
西富井,702,33
西川緑道公園,406,33
西片上,1190,33
西粟倉,5,33
誕生寺,92,33
豪渓,282,33
足守,1326,33
足立,8,33
迫川,460,33
邑久,3596,33
郵便局前,551,33
野々口,280,33
野馳,50,33
金川,1680,33
長船,2406,33
門田屋敷,623,33
院庄,108,33
香登,596,33
高野,66,33
あき亀山,1196,34
かるが浜,416,34
みどり中央,1018,34
みどり中街,197,34
みどり口,842,34
七塚,6,34
七軒茶屋,1782,34
万能倉,1578,34
三原,0,34
三次,842,34
三滝,1100,34
三良坂,68,34
上三田,102,34
上下,136,34
上八木,1114,34
上安,4882,34
上川立,38,34
上戸手,1006,34
上深川,588,34
下和知,8,34
下川辺,34,34
下深川,2980,34
不動院前,4602,34
中三田,168,34
中島,1734,34
中深川,680,34
中畑,4,34
中筋,8221,34
中電前,3350,34
井原市,130,34
井口,2138,34
仁方,972,34
伊賀和志,0,34
伴,2947,34
伴中央,1457,34
佐伯区役所前,2553,34
信木,0,34
備後三川,38,34
備後三日市,4,34
備後八幡,0,34
備後安田,16,34
備後庄原,232,34
備後本庄,818,34
備後矢野,20,34
備後落合,26,34
備後西城,68,34
元宇品口,1174,34
八丁堀,2721,34
八次,192,34
内名,4,34
別院前,380,34
十日市町,799,34
南区役所前,1927,34
古市,4082,34
古市橋,3706,34
古江,5313,34
可部,4564,34
吉名,186,34
吉浦,2350,34
吉田口,74,34
吉舎,278,34
向原,424,34
呉,19986,34
呉ポートピア,1580,34
商工センター入口,6832,34
土橋,0,34
地御前,1021,34
坂,6634,34
城北,2042,34
塩町,268,34
大乗,222,34
大原,2938,34
大塚,1721,34
大町,18267,34
天応,1124,34
女学院前,291,34
宇品三丁目,1862,34
宇品二丁目,1779,34
宇品五丁目,1427,34
宇品四丁目,1911,34
安東,8029,34
安浦,1086,34
安登,676,34
安芸川尻,1402,34
安芸幸崎,356,34
安芸津,608,34
安芸矢口,3834,34
安芸長束,6080,34
安芸長浜,336,34
安芸阿賀,4606,34
宮内,2222,34
家庭裁判所前,276,34
寺町,870,34
小奴可,2,34
小屋浦,756,34
尾関山,0,34
山ノ内,2,34
川原石,990,34
市役所前,3545,34
平子,4,34
広,7112,34
広域公園前,3127,34
広大附属学校前,2011,34
広島,154338,34
広電五日市,7428,34
広電宮島口,6312,34
広電廿日市,3455,34
広電本社前,3139,34
広電西広島（己斐）,0,34
広電阿品,3203,34
府中,1842,34
廿日市市役所前（平良）,3119,34
式敷,0,34
御幸橋,1379,34
御領,93,34
志和口,494,34
志和地,64,34
忠海,852,34
戸坂,3090,34
戸手,648,34
所木,0,34
新市,862,34
新広,6812,34
新白島,12653,34
日赤病院前,2446,34
本通,31420,34
東城,22,34
東高須,1835,34
梅林,2612,34
梶田,16,34
楽々園,6987,34
横尾,1776,34
横川,0,34
横川一丁目,1076,34
段原一丁目,587,34
比婆山,6,34
比治山下,671,34
比治山橋,898,34
毘沙門台,2013,34
水尻,108,34
江波,1753,34
河佐,38,34
河戸帆待川,2340,34
油木,2,34
海岸通,1811,34
海田市,0,34
湯田村,1656,34
湯野,132,34
牛田,2504,34
狩留家,400,34
玖村,2054,34
甲奴,26,34
甲立,242,34
白島,4657,34
白木山,198,34
的場町,772,34
皆実町二丁目,910,34
皆実町六丁目,5083,34
県庁前,16762,34
県病院前,3618,34
矢賀,1860,34
矢野,15436,34
祇園新橋北,3949,34
神杉,20,34
神辺,3291,34
福山,0,34
竹原,1344,34
粟屋,0,34
紙屋町東,0,34
緑井,5484,34
縮景園前,769,34
舟入川口町,2105,34
舟入幸町,1261,34
舟入本町,1880,34
舟入町,2043,34
船佐,0,34
草津,3039,34
草津南,2020,34
袋町,2853,34
西三次,8,34
西原,7543,34
近田,438,34
道上,1364,34
道後山,0,34
長楽寺,3006,34
長谷,0,34
阿品東,568,34
須波,120,34
風早,358,34
香淀,0,34
駅家,1428,34
高,2,34
高取,2942,34
高木,512,34
高須,3074,34
鵜飼,656,34
鷹野橋,2892,34
ＪＡ広島病院前,1548,34
三谷,48,35
上嘉川,112,35
上山口,272,35
上郷,1352,35
丸尾,426,35
仁保,82,35
仁保津,774,35
勝間,280,35
北河内,25,35
南中川,172,35
南大嶺,22,35
南小野田,240,35
南桑,8,35
南河内,103,35
厚保,58,35
厚狭,0,35
名草,24,35
周防下郷,526,35
周防久保,130,35
周防佐山,114,35
周防花岡,532,35
周防高森,818,35
地福,44,35
大歳,412,35
大河内,198,35
妻崎,50,35
宇部,0,35
宇部岬,430,35
宇部新川,1774,35
守内かさ神,4,35
宮野,754,35
小野田,0,35
小野田港,154,35
居能,400,35
山口,3426,35
岐波,410,35
岩倉,50,35
岩国,0,35
岩鼻,564,35
川西,916,35
常盤,256,35
床波,762,35
徳佐,170,35
新山口,0,35
於福,72,35
東新川,910,35
板持,22,35
柱野,58,35
柳瀬,4,35
根笠,9,35
椋野,26,35
欽明路,90,35
河山,13,35
浜河内,18,35
深溝,172,35
清流みはらし,0,35
清流新岩国,71,35
渋木,24,35
渡川,16,35
湯ノ峠,8,35
湯田温泉,2600,35
玖珂,734,35
琴芝,1410,35
生野屋,198,35
目出,22,35
矢原,1328,35
篠目,20,35
米川,26,35
美祢,692,35
船平山,12,35
草江,190,35
行波,74,35
西岩国,696,35
重安,6,35
錦町,107,35
鍋倉,6,35
長門峡,16,35
長門市,0,35
長門本山,48,35
長門湯本,42,35
長門長沢,18,35
阿知須,672,35
雀田,288,35
高水,352,35
三加茂,144,36
三縄,30,36
下浦,370,36
中田,888,36
二軒屋,1246,36
佃,58,36
佐古,1724,36
勝瑞,2446,36
北河内,62,36
南小松島,1980,36
吉成,688,36
地蔵橋,612,36
坪尻,2,36
大歩危,202,36
学,476,36
宍喰,26,36
小島,94,36
小歩危,12,36
山河内,20,36
山瀬,234,36
川田,188,36
府中,1154,36
徳島,16258,36
撫養,492,36
教会前,72,36
文化の森,296,36
新野,380,36
日和佐,320,36
木岐,40,36
板東,390,36
板野,946,36
桑野,238,36
江口,180,36
池谷,162,36
浅川,8,36
海部,98,36
牛島,536,36
牟岐,276,36
田井ノ浜,6,36
由岐,176,36
石井,2000,36
祖谷口,22,36
穴吹,1406,36
立江,224,36
立道,58,36
箸蔵,102,36
羽ノ浦,1692,36
蔵本,932,36
西原,188,36
西麻植,248,36
見能林,614,36
貞光,1070,36
辺川,18,36
辻,364,36
金比羅前,70,36
阿南,3040,36
阿波中島,420,36
阿波加茂,468,36
阿波半田,132,36
阿波大宮,4,36
阿波大谷,84,36
阿波富田,922,36
阿波山川,740,36
阿波川口,86,36
阿波川島,910,36
阿波川端,154,36
阿波橘,174,36
阿波池田,1452,36
阿波海南,176,36
阿波福井,76,36
阿波赤石,678,36
鮎喰,432,36
鯖瀬,4,36
鳴門,1478,36
鴨島,1794,36
麻植塚,166,36
みの,468,37
オレンジタウン,238,37
一宮,1637,37
三本松,1456,37
三条,3125,37
丸亀,7930,37
丹生,266,37
井戸,61,37
今橋,658,37
仏生山,3341,37
元山,857,37
八十場,216,37
八栗,930,37
八栗口,464,37
八栗新道,195,37
公文明,232,37
六万寺,996,37
円座,1752,37
原,179,37
古高松,684,37
古高松南,440,37
善通寺,2916,37
国分,790,37
坂出,10710,37
塩入,50,37
塩屋,127,37
多度津,4244,37
大町,354,37
太田,4485,37
学園通り,1274,37
宇多津,4544,37
屋島,1218,37
岡本,851,37
岡田,507,37
平木,395,37
引田,516,37
志度,1960,37
房前,99,37
挿頭丘,383,37
春日川,532,37
昭和町,1144,37
木太東口,984,37
木太町,772,37
本山,524,37
松島二丁目,563,37
林道,2015,37
栗林,2274,37
栗林公園,3321,37
栗林公園北口,876,37
栗熊,583,37
榎井,249,37
比地大,254,37
水田,1249,37
池戸,505,37
沖松島,701,37
津島ノ宮,3036,37
海岸寺,144,37
滝宮,550,37
潟元,1869,37
片原町,5353,37
琴平,2348,37
琴電屋島,790,37
琴電志度,1146,37
琴電琴平,1428,37
瓦町,14354,37
畑田,255,37
白山,259,37
神前,868,37
空港通り,1330,37
端岡,2634,37
箕浦,34,37
羽床,147,37
羽間,260,37
花園,1025,37
西前田,135,37
観音寺,3110,37
詫間,1782,37
讃岐塩屋,668,37
讃岐府中,664,37
讃岐津田,1066,37
讃岐牟礼,514,37
讃岐白鳥,440,37
讃岐相生,28,37
讃岐財田,28,37
豊浜,434,37
農学部前,734,37
造田,480,37
金蔵寺,512,37
長尾,1038,37
陶,616,37
香西,1112,37
高松,25930,37
高松築港,12862,37
高瀬,1252,37
高田,1407,37
鬼無,1334,37
鴨川,698,37
鶴羽,158,37
黒川,40,37
いよ立花,2257,38
三津,2011,38
三津浜,1092,38
中萩,222,38
久米,2827,38
二名,36,38
五十崎,10,38
今治,4600,38
伊予三島,1844,38
伊予三芳,404,38
伊予亀岡,154,38
伊予北条,2374,38
伊予和気,796,38
伊予土居,644,38
伊予宮野下,220,38
伊予富田,240,38
伊予寒川,220,38
伊予小松,530,38
伊予桜井,564,38
伊予氷見,116,38
伊予西条,3026,38
余戸,2502,38
光洋台,252,38
内子,1254,38
出目,26,38
務田,62,38
北久米,1220,38
北宇和島,0,38
古泉,2383,38
古町,4900,38
吉野生,28,38
喜多山,14,38
土居田,2450,38
土橋,973,38
地蔵町,540,38
堀江,444,38
壬生川,1664,38
多喜浜,156,38
大内,30,38
大手町,2792,38
大浦,46,38
大西,380,38
山西,2393,38
岡田,954,38
川之江,1196,38
平井,1000,38
愛大医学部南口,1290,38
新居浜,4038,38
新川,684,38
新谷,200,38
松丸,116,38
松前,1052,38
松山,13964,38
松山市,19686,38
柳原,268,38
梅本,1599,38
梅津寺,328,38
横河原,1300,38
波方,136,38
波止浜,234,38
浅海,142,38
深田,12,38
港山,323,38
牛渕,230,38
牛渕団地前,945,38
玉之江,102,38
田窪,791,38
真土,6,38
石手川公園,454,38
石鎚山,90,38
福音寺,1710,38
粟井,794,38
菊間,416,38
衣山,2251,38
西衣山,1222,38
見奈良,672,38
赤星,234,38
近永,334,38
郡中,1058,38
郡中港,1051,38
鎌田,1052,38
関川,106,38
高浜,1255,38
鷹ノ子,1048,38
はりまや橋,0,39
グランド通,631,39
上町一丁目,441,39
上町二丁目,608,39
上町五丁目,1065,39
上町四丁目,359,39
中山,92,39
中村,923,39
仁井田,26,39
伊与喜,21,39
伊野,1341,39
伊野商業前,90,39
伊野駅前,53,39
佐川,768,39
佐賀公園,4,39
入明,934,39
八代通,278,39
六反地,10,39
具同,80,39
円行寺口,556,39
北内,190,39
北山,39,39
十川,20,39
半家,6,39
古津賀,106,39
吾桑,84,39
咥内,122,39
国見,12,39
土佐一宮,708,39
土佐上川口,11,39
土佐久礼,332,39
土佐佐賀,122,39
土佐入野,159,39
土佐加茂,152,39
土佐北川,4,39
土佐大正,30,39
土佐大津,828,39
土佐山田,1914,39
土佐岩原,8,39
土佐新荘,164,39
土佐昭和,2,39
土佐白浜,0,39
土佐穴内,6,39
土佐長岡,82,39
堀詰,1839,39
多ノ郷,442,39
大杉,122,39
大橋通,2296,39
大田口,14,39
大間,434,39
宇治団地前,100,39
安和,26,39
宮の奥,87,39
家地川,2,39
宿毛,474,39
小村神社前,134,39
山田西町,536,39
岡花,126,39
工業団地,33,39
布師田,184,39
平田,92,39
影野,28,39
後免,3940,39
打井川,0,39
斗賀野,278,39
新改,0,39
日下,296,39
旭,1438,39
旭町一丁目,347,39
旭町三丁目,967,39
旭駅前通,1097,39
曙町,95,39
曙町東町,100,39
有井川,11,39
有岡,98,39
朝倉,2378,39
朝倉神社前,47,39
朝倉駅前,174,39
東宿毛,26,39
枝川,859,39
枡形,649,39
桟橋車庫前,520,39
桟橋通一丁目,544,39
桟橋通三丁目,794,39
桟橋通二丁目,260,39
桟橋通五丁目,197,39
桟橋通四丁目,353,39
梅の辻,542,39
江川崎,46,39
波川,314,39
浮鞭,23,39
海の王迎,4,39
甲浦,40,39
県庁前,1578,39
窪川,2656,39
繁藤,10,39
若井,17,39
荷稲,19,39
薊野,368,39
蛍橋,548,39
襟野々,150,39
西佐川,560,39
西大方,11,39
角茂谷,8,39
豊永,18,39
鏡川橋,880,39
須崎,832,39
高知,10540,39
高知商業前,1064,39
高知城前,801,39
鳴谷,50,39
鴨部,418,39
あかぢ,49,40
ふれあい生力,250,40
ノーフォーク広場,23,40
一本松,685,40
一貴山,888,40
三ヶ森,2333,40
三国が丘,5916,40
三沢,1870,40
三潴,902,40
三苫,3478,40
上三緒,117,40
上伊田,50,40
上浦,110,40
上金田,181,40
下伊田,323,40
下大利,15618,40
下山門,5614,40
下鴨生,319,40
中泉,79,40
九大学研都市,18893,40
九州鉄道記念館,396,40
九郎原,17,40
五郎丸,740,40
井尻,22749,40
人見,113,40
今宿,10957,40
今川河童,80,40
今池,1674,40
伊賀,1556,40
倉永,1174,40
八丁牟田,1243,40
内田,30,40
出光美術館,50,40
加布里,1254,40
勾金,300,40
北野,1541,40
南直方御殿口,65,40
博多,0,40
博多南,15664,40
原町,2982,40
古賀茶屋,548,40
吉塚,0,40
名島,2982,40
周船寺,10452,40
味坂,191,40
呼野,167,40
和白,5383,40
唐の原,1092,40
土井,2963,40
城戸南蔵院前,542,40
城野,0,40
塩塚,426,40
大保,2827,40
大入,257,40
大善寺,3328,40
大城,638,40
大堰,346,40
大橋,36635,40
大溝,1005,40
大牟田,8294,40
大藪,251,40
大行司,41,40
太宰府,11876,40
奈多,2247,40
姪浜,0,40
学校前,348,40
宇美,3701,40
安武,958,40
宝珠山,15,40
宮の陣,2194,40
崎山,42,40
市場,44,40
希望が丘高校前,912,40
彦山,16,40
徳益,211,40
志井,138,40
志井公園,1728,40
感田,378,40
採銅所,191,40
新原,565,40
新木屋瀬,247,40
新栄町,4258,40
新豊津,254,40
新飯塚,0,40
春日原,21703,40
朝倉街道,13138,40
木屋瀬,772,40
本郷,356,40
東中間,631,40
東犀川三四郎,51,40
東甘木,399,40
松山,35,40
柚須,8026,40
柿下温泉口,43,40
桂川,0,40
桜台,2119,40
森下,534,40
楠橋,559,40
櫛原,1063,40
歓遊舎ひこさん,2,40
永犬丸,1296,40
江の浦,327,40
池尻,121,40
油須原,82,40
波多江,6139,40
津古,2518,40
津福,2480,40
海ノ中道,1471,40
添田,265,40
源じいの森,27,40
熊西,525,40
犀川,298,40
犬塚,1025,40
甘木,1952,40
田川伊田,2114,40
田川市立病院,213,40
田川後藤寺,3414,40
白木原,9456,40
直方,1534,40
矢加部,177,40
石原町,373,40
石田,759,40
福吉,828,40
穴生,1202,40
端間,1725,40
筑前前原,15118,40
筑前大分,1389,40
筑前山手,57,40
筑前岩屋,17,40
筑前庄内,101,40
筑前深江,1804,40
筑紫,6586,40
筑豊中間,875,40
筑豊直方,919,40
筑豊香月,636,40
篠栗,9765,40
糒,117,40
糸島高校前,2037,40
糸田,156,40
紫,5843,40
美咲が丘,2053,40
美夜古泉,179,40
舞松原,2080,40
船尾,46,40
花畑,7642,40
萩原,1035,40
蒲池,405,40
薬院,40912,40
藤棚,216,40
行橋,808,40
西山,372,40
西戸崎,1808,40
西添田,144,40
西鉄中島,866,40
西鉄久留米,33859,40
西鉄二日市,21467,40
西鉄五条,5781,40
西鉄千早,6056,40
西鉄小郡,11117,40
西鉄平尾,13019,40
西鉄新宮,1384,40
西鉄柳川,11274,40
西鉄渡瀬,345,40
西鉄銀水,698,40
西鉄香椎,3930,40
西黒崎,122,40
試験場前,2949,40
豊前大熊,61,40
豊前川崎,418,40
豊前桝田,25,40
豊津,54,40
貝塚,16195,40
赤,40,40
赤池,272,40
通谷,1670,40
遠賀野,400,40
都府楼前,6847,40
酒殿,1290,40
金島,635,40
金田,801,40
長者原,7853,40
門松,2744,40
開,653,40
関門海峡めかり,377,40
雁ノ巣,771,40
雑餉隈,15047,40
須恵,1304,40
須恵中央,2753,40
香春,572,40
香椎宮前,2418,40
香椎神宮,2033,40
香椎花園前,3280,40
馬田,107,40
高宮,20297,40
鹿家,124,40
黒崎駅前,8218,40
三代橋,110,41
三間坂,704,41
上伊万里,10,41
上有田,180,41
中多久,837,41
久保田,0,41
久原,65,41
伊万里,346,41
佐里,8,41
北方,223,41
厳木,542,41
和多田,763,41
唐津,0,41
多久,682,41
大川野,71,41
大木,43,41
大町,481,41
夫婦石,37,41
小城,2096,41
山本,660,41
山谷,53,41
岩屋,174,41
川東,310,41
有田,3462,41
本牟田部,69,41
東唐津,1720,41
東多久,367,41
東山代,45,41
桃川,74,41
楠久,86,41
武雄温泉,3591,41
永尾,117,41
波瀬,13,41
浜崎,1271,41
浦ノ崎,80,41
相知,452,41
福島口,46,41
肥前久保,45,41
肥前山口,0,41
肥前長野,30,41
蔵宿,55,41
虹ノ松原,344,41
西唐津,997,41
西有田,123,41
西相知,19,41
里,43,41
金武,45,41
金石原,21,41
駒鳴,14,41
高橋,265,41
鬼塚,239,41
鳴石,73,41
黒川,68,41
いのつき,41,42
すえたちばな,5,42
たびら平戸口,209,42
ハウステンボス,3138,42
三会,53,42
三河内,185,42
上相浦,598,42
中佐世保,183,42
中田平,13,42
中里,271,42
今福,95,42
佐々,525,42
佐世保,9492,42
佐世保中央,909,42
前浜,33,42
北佐世保,622,42
千綿,147,42
南風崎,39,42
古部,56,42
吉井,160,42
吾妻,210,42
大三東,65,42
大塔,1032,42
大学,1084,42
大村,4746,42
大正,56,42
小串郷,141,42
小浦,312,42
山の田,103,42
岩松,423,42
島原,851,42
川棚,1791,42
左石,1017,42
干拓の里,104,42
幸,369,42
彼杵,636,42
御厨,232,42
愛野,411,42
日宇,814,42
早岐,3366,42
本山,211,42
本諫早,1136,42
東田平,10,42
松原,142,42
松浦,497,42
松浦発電所前,79,42
棚方,184,42
森山,133,42
江迎鹿町,455,42
泉福寺,1051,42
清峰高校前,475,42
潜竜ヶ滝,119,42
皆瀬,199,42
相浦,169,42
真申,69,42
神田,77,42
竹松,2461,42
西木場,40,42
西田平,235,42
西郷,128,42
調川,92,42
諏訪,462,42
諫早,2123,42
野中,173,42
釜ノ鼻,44,42
阿母崎,69,42
高岩,117,42
鷹島口,69,42
あさぎり,762,43
おかどめ幸福,158,43
たのうら御立岬公園,128,43
一勝地,49,43
一武,124,43
三角,777,43
上田浦,20,43
中松,138,43
人吉,490,43
人吉温泉,1015,43
住吉,253,43
佐敷,556,43
八代,604,43
公立病院前,19,43
加勢,0,43
南阿蘇水の生まれる里白水高原,0,43
南阿蘇白川水源,1,43
吉尾,4,43
坂本,45,43
多良木,352,43
大畑,5,43
宇土,0,43
川村,5,43
新水俣,95,43
新鶴羽,22,43
日奈久温泉,94,43
木上,11,43
東免田,63,43
東多良木,69,43
段,15,43
水俣,383,43
波多浦,290,43
津奈木,108,43
海浦,31,43
海路,0,43
渡,30,43
湯前,405,43
湯浦,190,43
瀬戸石,1,43
球泉洞,7,43
白石,23,43
相良藩願成寺,691,43
矢岳,3,43
石打ダム,9,43
立野,0,43
網田,186,43
緑川,131,43
肥後二見,74,43
肥後田浦,82,43
肥後西村,503,43
肥後長浜,76,43
肥後高田,508,43
葉木,27,43
袋,25,43
西人吉,22,43
見晴台,1,43
赤瀬,7,43
那良口,2,43
鎌瀬,16,43
長陽,0,43
阿蘇下田城ふれあい温泉,0,43
阿蘇白川,1,43
高森,139,43
今山,16,44
夜明,57,44
大鶴,27,44
えびの,98,45
えびの上江,39,45
えびの飯野,348,45
串間,114,45
京町温泉,151,45
伊比井,46,45
内之田,12,45
内海,48,45
北郷,138,45
南宮崎,0,45
南方,174,45
南郷,323,45
大堂津,72,45
子供の国,89,45
宮崎空港,1874,45
小内海,12,45
小林,842,45
広原,41,45
折生迫,49,45
日南,420,45
日向前田,18,45
日向北方,14,45
日向大束,51,45
日向庄内,115,45
曽山寺,28,45
木花,689,45
東高崎,34,45
榎原,12,45
油津,343,45
田吉,111,45
真幸,6,45
福島今町,11,45
福島高松,1,45
西小林,54,45
谷之口,9,45
谷頭,145,45
運動公園,55,45
都城,0,45
青島,172,45
飫肥,693,45
高原,176,45
高崎新田,149,45
上川内,257,46
中名,285,46
中福良,4,46
二月田,658,46
五位野,653,46
入野,19,46
出水,244,46
前之浜,159,46
南鹿児島,2657,46
吉松,183,46
喜入,1178,46
嘉例川,47,46
坂之上,4449,46
大山,61,46
大隅夏井,1,46
大隅横川,178,46
宇宿,2561,46
山川,347,46
川内,388,46
平川,1957,46
御領,9,46
志布志,34,46
慈眼寺,3018,46
折口,207,46
指宿,1475,46
日当山,135,46
東開聞,40,46
枕崎,40,46
栗野,324,46
植村,8,46
水成川,7,46
瀬々串,339,46
牛ノ浜,40,46
生見,113,46
白沢,1,46
石垣,27,46
米ノ津,201,46
草道,54,46
薩摩今和泉,929,46
薩摩塩屋,0,46
薩摩大川,16,46
薩摩川尻,30,46
薩摩板敷,105,46
薩摩高城,4,46
表木山,2,46
西出水,494,46
西大山,83,46
西方,16,46
西頴娃,178,46
谷山,5580,46
郡元,2347,46
野田郷,385,46
開聞,43,46
阿久根,638,46
隼人,0,46
霧島温泉,376,46
頴娃,12,46
頴娃大川,13,46
高尾野,157,46
鶴丸,8,46
鹿児島中央,0,46
おもろまち,11755,47
儀保,3294,47
古島,5086,47
壺川,4178,47
奥武山公園,4215,47
安里,4480,47
小禄,7770,47
市立病院前,1826,47
旭橋,7867,47
牧志,7298,47
県庁前,14628,47
美栄橋,6405,47
赤嶺,4824,47
那覇空港,13702,47
首里,7375,47
